disease_flag,disease_label,phenotype,variant,effect_allele,other_allele,family,analysis_tier,confirmatory_role,panel,metric,region,source,analysis,model,status,n,n_case,n_control,beta_per_A_controls,se_per_A_controls,p_per_A_controls,beta_interaction,se_interaction,p_interaction,beta_per_A_cases_from_interaction,se_per_A_cases_from_interaction,p_per_A_cases_from_interaction,vcov_type,n_case_AA,n_case_AG,n_case_GG,raw_p,minus_log10_raw_p,stratum,beta_per_A,se_per_A,p_per_A
broad_neurodeg_case,"Broad clinical neurodegeneration, excluding MS definition",dMRI_TBSS_FA_cerebral_peduncle_left,rs2546890,A,G,primary_skeleton_tensor,primary_skeleton_tensor,primary,primary,FA,cerebral peduncle (left),basket,stratified_noncase,additive_dosage_within_stratum,ok,33204,,,,,,,,,,,,nonrobust,,,,0.0004043896788869,3.3931999373037307,0.0,0.0246512920505451,0.0069684392887878,0.0004043896788869
ms_case,"Multiple sclerosis current union, corrected G35-first-occurrence",dMRI_TBSS_FA_cerebral_peduncle_left,rs2546890,A,G,primary_skeleton_tensor,primary_skeleton_tensor,primary,primary,FA,cerebral peduncle (left),basket,stratified_noncase,additive_dosage_within_stratum,ok,33355,,,,,,,,,,,,nonrobust,,,,0.0004549766607102,3.3420108811114693,0.0,0.0243735524177068,0.0069513552229843,0.0004549766607102
broad_neurodeg_case,"Broad clinical neurodegeneration, excluding MS definition",dMRI_TBSS_RD_cerebral_peduncle_left,rs2546890,A,G,primary_skeleton_tensor,primary_skeleton_tensor,primary,primary,RD,cerebral peduncle (left),derived,stratified_noncase,additive_dosage_within_stratum,ok,33202,,,,,,,,,,,,nonrobust,,,,0.0013337020613079,2.8749411776020426,0.0,-0.0224436517624192,0.0069941868953215,0.0013337020613079
ms_case,"Multiple sclerosis current union, corrected G35-first-occurrence",dMRI_TBSS_RD_cerebral_peduncle_left,rs2546890,A,G,primary_skeleton_tensor,primary_skeleton_tensor,primary,primary,RD,cerebral peduncle (left),derived,stratified_noncase,additive_dosage_within_stratum,ok,33353,,,,,,,,,,,,nonrobust,,,,0.0017264833819927,2.762837597530904,0.0,-0.0218732693317094,0.0069795645477905,0.0017264833819927
broad_neurodeg_case,"Broad clinical neurodegeneration, excluding MS definition",demyelination_like__wm__anterior_thalamic_radiation_right,rs2546890,A,G,secondary_composite,secondary_composite,mechanistic_composite,secondary,demyelination_like,anterior thalamic radiation (right),composite,interaction,dosage_A_x_disease_flag,ok,33498,286.0,33212.0,-0.003155470835522,0.0109909120343418,0.7740389249802495,0.3640659484795198,0.1200913354810418,0.0024346724319021,0.3609104776439977,0.1195874573091143,0.0025467183229762,nonrobust,84.0,144.0,58.0,0.0024346724319021,2.6135594617951563,,,,
ms_case,"Multiple sclerosis current union, corrected G35-first-occurrence",tract_geometry_like__tbss__superior_fronto_occipital_fasciculus_lef,rs2546890,A,G,secondary_composite,secondary_composite,mechanistic_composite,secondary,tract_geometry_like,superior fronto-occipital fasciculus (left),composite,stratified_noncase,additive_dosage_within_stratum,ok,33363,,,,,,,,,,,,nonrobust,,,,0.0029504186485871,2.5301163555909123,0.0,0.0263794833143758,0.0088727898123129,0.0029504186485871
broad_neurodeg_case,"Broad clinical neurodegeneration, excluding MS definition",free_water_like__wm__anterior_thalamic_radiation_right,rs2546890,A,G,secondary_composite,secondary_composite,mechanistic_composite,secondary,free_water_like,anterior thalamic radiation (right),composite,interaction,dosage_A_x_disease_flag,ok,33498,286.0,33212.0,-0.0029167734919041,0.011810210484895,0.8049325770152257,0.3833083474757149,0.1290433355313611,0.0029763831239554,0.3803915739838107,0.1285018966361526,0.0030765303078265,nonrobust,84.0,144.0,58.0,0.0029763831239554,2.5263111665702453,,,,
broad_neurodeg_case,"Broad clinical neurodegeneration, excluding MS definition",demyelination_like__tbss__external_capsule_right,rs2546890,A,G,secondary_composite,secondary_composite,mechanistic_composite,secondary,demyelination_like,external capsule (right),composite,interaction,dosage_A_x_disease_flag,ok,33498,286.0,33212.0,-0.0048030312185143,0.0124580363848174,0.6998422152204307,0.3988988291255693,0.1361217542501903,0.0033869363889244,0.3940957979070549,0.1355506157878157,0.0036472123611077,nonrobust,84.0,144.0,58.0,0.0033869363889244,2.4701929598946384,,,,
broad_neurodeg_case,"Broad clinical neurodegeneration, excluding MS definition",tract_geometry_like__tbss__superior_fronto_occipital_fasciculus_lef,rs2546890,A,G,secondary_composite,secondary_composite,mechanistic_composite,secondary,tract_geometry_like,superior fronto-occipital fasciculus (left),composite,stratified_noncase,additive_dosage_within_stratum,ok,33212,,,,,,,,,,,,nonrobust,,,,0.0038902166467447,2.4100262120764007,0.0,0.0256692321969274,0.008890909024854,0.0038902166467447
broad_neurodeg_case,"Broad clinical neurodegeneration, excluding MS definition",free_water_like__wm__inferior_fronto_occipital_fasciculus_rig,rs2546890,A,G,secondary_composite,secondary_composite,mechanistic_composite,secondary,free_water_like,inferior fronto-occipital fasciculus (right),composite,interaction,dosage_A_x_disease_flag,ok,33498,286.0,33212.0,-0.0024138406315142,0.0121382764583246,0.8423719882541856,0.3788309993608493,0.1326279225749062,0.0042881430063195,0.376417158729335,0.1320714435008256,0.0043731850533811,nonrobust,84.0,144.0,58.0,0.0042881430063195,2.367730739681926,,,,
broad_neurodeg_case,"Broad clinical neurodegeneration, excluding MS definition",demyelination_like__wm__inferior_fronto_occipital_fasciculus_rig,rs2546890,A,G,secondary_composite,secondary_composite,mechanistic_composite,secondary,demyelination_like,inferior fronto-occipital fasciculus (right),composite,interaction,dosage_A_x_disease_flag,ok,33498,286.0,33212.0,-0.002399082701998,0.0113294604674413,0.8322985861249161,0.352957256453505,0.1237904582953176,0.0043574693037563,0.350558173751507,0.1232710593763359,0.0044606127283559,nonrobust,84.0,144.0,58.0,0.0043574693037563,2.360765663599768,,,,
ms_case,"Multiple sclerosis current union, corrected G35-first-occurrence",dMRI_TBSS_ISOVF_posterior_corona_radiata_right,rs2546890,A,G,secondary_mechanistic,secondary_mechanistic,mechanistic_support,primary,ISOVF,posterior corona radiata (right),basket,interaction,dosage_A_x_disease_flag,ok,33461,133.0,33328.0,0.0052277858646762,0.0067635475785843,0.4395660375159117,-0.3141132960568759,0.111095904975888,0.0046954599644519,-0.3088855101921997,0.1108889893464811,0.0053469055959881,nonrobust,34.0,71.0,28.0,0.0046954599644519,2.328321858086079,,,,
broad_neurodeg_case,"Broad clinical neurodegeneration, excluding MS definition",tract_geometry_like__tbss__uncinate_fasciculus_right,rs2546890,A,G,secondary_composite,secondary_composite,mechanistic_composite,secondary,tract_geometry_like,uncinate fasciculus (right),composite,stratified_case,additive_dosage_within_stratum,ok,286,,,,,,,,,,,,nonrobust,,,,0.0051500967397055,2.2881846130703214,1.0,-0.3754238746385163,0.1329191564805311,0.0051500967397055
broad_neurodeg_case,"Broad clinical neurodegeneration, excluding MS definition",tract_geometry_like__tbss__superior_fronto_occipital_fasciculus_rig,rs2546890,A,G,secondary_composite,secondary_composite,mechanistic_composite,secondary,tract_geometry_like,superior fronto-occipital fasciculus (right),composite,stratified_noncase,additive_dosage_within_stratum,ok,33212,,,,,,,,,,,,nonrobust,,,,0.0051532373904041,2.2879198507529988,0.0,0.0265608877467282,0.0094945707861018,0.0051532373904041
ms_case,"Multiple sclerosis current union, corrected G35-first-occurrence",axonal_loss_like__tbss__tapetum_right,rs2546890,A,G,secondary_composite,secondary_composite,mechanistic_composite,secondary,axonal_loss_like,tapetum (right),composite,stratified_noncase,additive_dosage_within_stratum,ok,33363,,,,,,,,,,,,nonrobust,,,,0.0052539251074451,2.2795161221961435,0.0,-0.0193991045118672,0.0069500387981366,0.0052539251074451
broad_neurodeg_case,"Broad clinical neurodegeneration, excluding MS definition",free_water_like__tbss__external_capsule_right,rs2546890,A,G,secondary_composite,secondary_composite,mechanistic_composite,secondary,free_water_like,external capsule (right),composite,interaction,dosage_A_x_disease_flag,ok,33498,286.0,33212.0,0.0016127058469588,0.013592535828849,0.905556192180227,0.4087520630231606,0.1485177731529477,0.0059226491063619,0.4103647688701195,0.1478946235832032,0.0055281518835758,nonrobust,84.0,144.0,58.0,0.0059226491063619,2.227483996834817,,,,
broad_neurodeg_case,"Broad clinical neurodegeneration, excluding MS definition",tract_geometry_like__tbss__uncinate_fasciculus_right,rs2546890,A,G,secondary_composite,secondary_composite,mechanistic_composite,secondary,tract_geometry_like,uncinate fasciculus (right),composite,interaction,dosage_A_x_disease_flag,ok,33498,286.0,33212.0,0.0272316915744758,0.0110395795219306,0.0136401859229266,-0.3312278920724679,0.1206230969545925,0.0060363784087345,-0.303996200497992,0.1201169876225391,0.0113837024582092,nonrobust,84.0,144.0,58.0,0.0060363784087345,2.2192235429729736,,,,
broad_neurodeg_case,"Broad clinical neurodegeneration, excluding MS definition",tract_geometry_like__tbss__cerebral_peduncle_left,rs2546890,A,G,secondary_composite,secondary_composite,mechanistic_composite,secondary,tract_geometry_like,cerebral peduncle (left),composite,stratified_noncase,additive_dosage_within_stratum,ok,33212,,,,,,,,,,,,nonrobust,,,,0.0069880634191619,2.1556431622942736,0.0,0.0261265253149501,0.009685168425793,0.0069880634191619
broad_neurodeg_case,"Broad clinical neurodegeneration, excluding MS definition",free_water_like__wm__acoustic_radiation_left,rs2546890,A,G,secondary_composite,secondary_composite,mechanistic_composite,secondary,free_water_like,acoustic radiation (left),composite,interaction,dosage_A_x_disease_flag,ok,33498,286.0,33212.0,0.0059515965931471,0.0141155754818498,0.6732954106305173,0.415604741839142,0.1542327247640737,0.0070495698768973,0.4215563384322892,0.1535855964504928,0.0060586593460859,nonrobust,84.0,144.0,58.0,0.0070495698768973,2.151837380283584,,,,
broad_neurodeg_case,"Broad clinical neurodegeneration, excluding MS definition",axonal_loss_like__tbss__tapetum_right,rs2546890,A,G,secondary_composite,secondary_composite,mechanistic_composite,secondary,axonal_loss_like,tapetum (right),composite,stratified_noncase,additive_dosage_within_stratum,ok,33212,,,,,,,,,,,,nonrobust,,,,0.0075186315036309,2.12386119990125,0.0,-0.0186651611053821,0.0069825396274515,0.0075186315036309
broad_neurodeg_case,"Broad clinical neurodegeneration, excluding MS definition",demyelination_like__tbss__external_capsule_left,rs2546890,A,G,secondary_composite,secondary_composite,mechanistic_composite,secondary,demyelination_like,external capsule (left),composite,interaction,dosage_A_x_disease_flag,ok,33498,286.0,33212.0,-0.0013877775104253,0.0125206025821673,0.9117442755975916,0.3654019697887495,0.1368053788822718,0.0075670807664992,0.3640141922783241,0.1362313720736629,0.0075430644426226,nonrobust,84.0,144.0,58.0,0.0075670807664992,2.121071630607857,,,,
ms_case,"Multiple sclerosis current union, corrected G35-first-occurrence",tract_geometry_like__tbss__cerebral_peduncle_left,rs2546890,A,G,secondary_composite,secondary_composite,mechanistic_composite,secondary,tract_geometry_like,cerebral peduncle (left),composite,stratified_noncase,additive_dosage_within_stratum,ok,33363,,,,,,,,,,,,nonrobust,,,,0.0076826629508038,2.114488219501856,0.0,0.0257649012191382,0.0096647283745603,0.0076826629508038
ms_case,"Multiple sclerosis current union, corrected G35-first-occurrence",tract_geometry_like__tbss__superior_fronto_occipital_fasciculus_rig,rs2546890,A,G,secondary_composite,secondary_composite,mechanistic_composite,secondary,tract_geometry_like,superior fronto-occipital fasciculus (right),composite,stratified_noncase,additive_dosage_within_stratum,ok,33363,,,,,,,,,,,,nonrobust,,,,0.0077129977800454,2.11277679363607,0.0,0.0252517906689825,0.0094769661288835,0.0077129977800454
broad_neurodeg_case,"Broad clinical neurodegeneration, excluding MS definition",demyelination_like__tbss__cerebral_peduncle_left,rs2546890,A,G,secondary_composite,secondary_composite,mechanistic_composite,secondary,demyelination_like,cerebral peduncle (left),composite,stratified_noncase,additive_dosage_within_stratum,ok,33212,,,,,,,,,,,,nonrobust,,,,0.007981256017998,2.097928757927217,0.0,-0.0311068292882934,0.0117250529208462,0.007981256017998
broad_neurodeg_case,"Broad clinical neurodegeneration, excluding MS definition",dMRI_TBSS_FA_corticospinal_tract_left,rs2546890,A,G,primary_skeleton_tensor,primary_skeleton_tensor,primary,primary,FA,corticospinal tract (left),basket,stratified_noncase,additive_dosage_within_stratum,ok,33209,,,,,,,,,,,,nonrobust,,,,0.008106686671144,2.09115661243022,0.0,0.0192014500011289,0.0072519773388987,0.008106686671144
ms_case,"Multiple sclerosis current union, corrected G35-first-occurrence",axonal_loss_like__tbss__cerebral_peduncle_left,rs2546890,A,G,secondary_composite,secondary_composite,mechanistic_composite,secondary,axonal_loss_like,cerebral peduncle (left),composite,stratified_noncase,additive_dosage_within_stratum,ok,33363,,,,,,,,,,,,nonrobust,,,,0.0081618239140614,2.088212779077128,0.0,-0.020453438340413,0.0077315244154239,0.0081618239140614
broad_neurodeg_case,"Broad clinical neurodegeneration, excluding MS definition",demyelination_like__tbss__external_capsule_right,rs2546890,A,G,secondary_composite,secondary_composite,mechanistic_composite,secondary,demyelination_like,external capsule (right),composite,stratified_case,additive_dosage_within_stratum,ok,286,,,,,,,,,,,,nonrobust,,,,0.0084263115782167,2.0743624860828507,1.0,0.4639857644803499,0.1746069002035396,0.0084263115782167
broad_neurodeg_case,"Broad clinical neurodegeneration, excluding MS definition",free_water_like__tbss__external_capsule_left,rs2546890,A,G,secondary_composite,secondary_composite,mechanistic_composite,secondary,free_water_like,external capsule (left),composite,interaction,dosage_A_x_disease_flag,ok,33498,286.0,33212.0,0.0051253796842159,0.0134668642884652,0.7035084981297525,0.3872381701181511,0.1471446329558934,0.0085001852948372,0.392363549802367,0.1465272447957421,0.0074154379694475,nonrobust,84.0,144.0,58.0,0.0085001852948372,2.070571607032977,,,,
broad_neurodeg_case,"Broad clinical neurodegeneration, excluding MS definition",free_water_like__tbss__anterior_corona_radiata_right,rs2546890,A,G,secondary_composite,secondary_composite,mechanistic_composite,secondary,free_water_like,anterior corona radiata (right),composite,interaction,dosage_A_x_disease_flag,ok,33498,286.0,33212.0,-0.0083939325160095,0.0113518786403308,0.4596504320455321,0.3256693593782943,0.1240354086973341,0.0086531692852319,0.3172754268622847,0.1235149820176045,0.0102117824844679,nonrobust,84.0,144.0,58.0,0.0086531692852319,2.062824799934228,,,,
broad_neurodeg_case,"Broad clinical neurodegeneration, excluding MS definition",demyelination_like__tbss__anterior_limb_of_internal_capsule_right,rs2546890,A,G,secondary_composite,secondary_composite,mechanistic_composite,secondary,demyelination_like,anterior limb of internal capsule (right),composite,interaction,dosage_A_x_disease_flag,ok,33498,286.0,33212.0,0.0039251068258896,0.0126065492067746,0.7555330202350721,0.3616318080306873,0.1377444679130024,0.0086591261679751,0.3655569148565769,0.1371665208828764,0.0077011699927536,nonrobust,84.0,144.0,58.0,0.0086591261679751,2.0625259324138816,,,,
ms_case,"Multiple sclerosis current union, corrected G35-first-occurrence",demyelination_like__tbss__cerebral_peduncle_left,rs2546890,A,G,secondary_composite,secondary_composite,mechanistic_composite,secondary,demyelination_like,cerebral peduncle (left),composite,stratified_noncase,additive_dosage_within_stratum,ok,33363,,,,,,,,,,,,nonrobust,,,,0.0089883443693311,2.0463202968631404,0.0,-0.0305667522017834,0.0116995178190388,0.0089883443693311
broad_neurodeg_case,"Broad clinical neurodegeneration, excluding MS definition",axonal_loss_like__tbss__cerebral_peduncle_left,rs2546890,A,G,secondary_composite,secondary_composite,mechanistic_composite,secondary,axonal_loss_like,cerebral peduncle (left),composite,stratified_noncase,additive_dosage_within_stratum,ok,33212,,,,,,,,,,,,nonrobust,,,,0.0090940449024528,2.041242905767663,0.0,-0.0202236867243973,0.0077525433865513,0.0090940449024528
broad_neurodeg_case,"Broad clinical neurodegeneration, excluding MS definition",dMRI_weighted_mean_FA_superior_longitudinal_fasciculus_right,rs2546890,A,G,replication_weighted_tensor,replication_weighted_tensor,replication,primary,FA,superior longitudinal fasciculus (right),basket,interaction,dosage_A_x_disease_flag,ok,33490,285.0,33205.0,0.0011229434925657,0.007174431466422,0.8756239383761812,-0.2051396844454496,0.078718935899453,0.0091653401956388,-0.2040167409528838,0.078391172654389,0.0092574857096894,nonrobust,84.0,144.0,57.0,0.0091653401956388,2.03785141042389,,,,
broad_neurodeg_case,"Broad clinical neurodegeneration, excluding MS definition",demyelination_like__tbss__anterior_corona_radiata_right,rs2546890,A,G,secondary_composite,secondary_composite,mechanistic_composite,secondary,demyelination_like,anterior corona radiata (right),composite,interaction,dosage_A_x_disease_flag,ok,33498,286.0,33212.0,-0.0083202282776768,0.01115385259395,0.4557022166997891,0.3155200433867114,0.1218716926839954,0.0096310009164651,0.3071998151090346,0.1213603445049336,0.0113685028763077,nonrobust,84.0,144.0,58.0,0.0096310009164651,2.0163285758132803,,,,
broad_neurodeg_case,"Broad clinical neurodegeneration, excluding MS definition",tract_geometry_like__tbss__uncinate_fasciculus_left,rs2546890,A,G,secondary_composite,secondary_composite,mechanistic_composite,secondary,tract_geometry_like,uncinate fasciculus (left),composite,interaction,dosage_A_x_disease_flag,ok,33498,286.0,33212.0,0.0190763858931662,0.0110064359570514,0.0830688433472334,-0.3094454127887791,0.1202609564009681,0.0100830065874,-0.2903690268956129,0.1197563665350728,0.0153277966848773,nonrobust,84.0,144.0,58.0,0.0100830065874,1.9964099490787812,,,,
ms_case,"Multiple sclerosis current union, corrected G35-first-occurrence",dMRI_TBSS_FA_corticospinal_tract_left,rs2546890,A,G,primary_skeleton_tensor,primary_skeleton_tensor,primary,primary,FA,corticospinal tract (left),basket,stratified_noncase,additive_dosage_within_stratum,ok,33360,,,,,,,,,,,,nonrobust,,,,0.0101365167457322,1.9941112578227524,0.0,0.0186087656405089,0.0072371488714869,0.0101365167457322
broad_neurodeg_case,"Broad clinical neurodegeneration, excluding MS definition",free_water_like__tbss__superior_fronto_occipital_fasciculus_lef,rs2546890,A,G,secondary_composite,secondary_composite,mechanistic_composite,secondary,free_water_like,superior fronto-occipital fasciculus (left),composite,interaction,dosage_A_x_disease_flag,ok,33498,286.0,33212.0,0.0019039086228714,0.0110571252873142,0.8632904654605218,0.3085327106590659,0.1208148093793996,0.0106608904102709,0.3104366192819373,0.1203078956620359,0.0098742122666177,nonrobust,84.0,144.0,58.0,0.0106608904102709,1.97220652100194,,,,
ms_case,"Multiple sclerosis current union, corrected G35-first-occurrence",tract_geometry_like__tbss__fornix,rs2546890,A,G,secondary_composite,secondary_composite,mechanistic_composite,secondary,tract_geometry_like,fornix,composite,stratified_case,additive_dosage_within_stratum,ok,135,,,,,,,,,,,,nonrobust,,,,0.0107043142694584,1.9704411488766944,1.0,0.4161633059834465,0.1592370648954799,0.0107043142694584
broad_neurodeg_case,"Broad clinical neurodegeneration, excluding MS definition",roi__anterior_limb_of_internal_capsule_right__PC1,rs2546890,A,G,secondary_roi_pca,secondary_roi_pca,dimension_reduction,secondary,PC1,anterior limb of internal capsule (right),roi_pca,interaction,dosage_A_x_disease_flag,ok,33498,286.0,33212.0,0.0071993306704919,0.0160705665524459,0.6541688143948943,0.4456296302415524,0.1755937808609496,0.0111582671642455,0.4528289609120444,0.1748570260155843,0.0096098493159152,nonrobust,84.0,144.0,58.0,0.0111582671642455,1.9524032444161896,,,,
broad_neurodeg_case,"Broad clinical neurodegeneration, excluding MS definition",axonal_loss_like__tbss__superior_fronto_occipital_fasciculus_rig,rs2546890,A,G,secondary_composite,secondary_composite,mechanistic_composite,secondary,axonal_loss_like,superior fronto-occipital fasciculus (right),composite,stratified_noncase,additive_dosage_within_stratum,ok,33212,,,,,,,,,,,,nonrobust,,,,0.0112875867541374,1.9473988987649584,0.0,-0.0159354794546898,0.0062891400250352,0.0112875867541374
broad_neurodeg_case,"Broad clinical neurodegeneration, excluding MS definition",dMRI_weighted_mean_FA_uncinate_fasciculus_right,rs2546890,A,G,replication_weighted_tensor,replication_weighted_tensor,replication,primary,FA,uncinate fasciculus (right),basket,stratified_noncase,additive_dosage_within_stratum,ok,33205,,,,,,,,,,,,nonrobust,,,,0.011510153128807,1.9389188985636443,0.0,0.0178224104477423,0.0070529125634052,0.011510153128807
broad_neurodeg_case,"Broad clinical neurodegeneration, excluding MS definition",axonal_loss_like__tbss__corticospinal_tract_left,rs2546890,A,G,secondary_composite,secondary_composite,mechanistic_composite,secondary,axonal_loss_like,corticospinal tract (left),composite,stratified_noncase,additive_dosage_within_stratum,ok,33212,,,,,,,,,,,,nonrobust,,,,0.0116529282289738,1.9335649283813816,0.0,-0.0189776338894067,0.0075229737877763,0.0116529282289738
broad_neurodeg_case,"Broad clinical neurodegeneration, excluding MS definition",dMRI_weighted_mean_RD_superior_longitudinal_fasciculus_right,rs2546890,A,G,replication_weighted_tensor,replication_weighted_tensor,replication,primary,RD,superior longitudinal fasciculus (right),derived,interaction,dosage_A_x_disease_flag,ok,33475,284.0,33191.0,0.0040321346844239,0.0067815703356844,0.5521333458656217,0.186877853910084,0.0746104916117596,0.0122598080814014,0.1909099885945079,0.0743013186855215,0.0101917042726161,nonrobust,83.0,144.0,57.0,0.0122598080814014,1.911516328336423,,,,
ms_case,"Multiple sclerosis current union, corrected G35-first-occurrence",demyelination_like__tbss__superior_cerebellar_peduncle_left,rs2546890,A,G,secondary_composite,secondary_composite,mechanistic_composite,secondary,demyelination_like,superior cerebellar peduncle (left),composite,stratified_noncase,additive_dosage_within_stratum,ok,33363,,,,,,,,,,,,nonrobust,,,,0.0122732346998354,1.9110409607327628,0.0,0.0300747239264243,0.0120091091126011,0.0122732346998354
broad_neurodeg_case,"Broad clinical neurodegeneration, excluding MS definition",axonal_loss_like__tbss__superior_cerebellar_peduncle_left,rs2546890,A,G,secondary_composite,secondary_composite,mechanistic_composite,secondary,axonal_loss_like,superior cerebellar peduncle (left),composite,stratified_case,additive_dosage_within_stratum,ok,286,,,,,,,,,,,,nonrobust,,,,0.0132713613262039,1.877084526560204,1.0,0.2684263553298577,0.1075572746660674,0.0132713613262039
broad_neurodeg_case,"Broad clinical neurodegeneration, excluding MS definition",tract_geometry_like__tbss__uncinate_fasciculus_right,rs2546890,A,G,secondary_composite,secondary_composite,mechanistic_composite,secondary,tract_geometry_like,uncinate fasciculus (right),composite,stratified_noncase,additive_dosage_within_stratum,ok,33212,,,,,,,,,,,,nonrobust,,,,0.0133904685331877,1.8732042267357087,0.0,0.027300260619607,0.0110377904216304,0.0133904685331877
broad_neurodeg_case,"Broad clinical neurodegeneration, excluding MS definition",axonal_loss_like__tbss__superior_cerebellar_peduncle_right,rs2546890,A,G,secondary_composite,secondary_composite,mechanistic_composite,secondary,axonal_loss_like,superior cerebellar peduncle (right),composite,interaction,dosage_A_x_disease_flag,ok,33498,286.0,33212.0,0.0046932387555662,0.0083470560015728,0.573940774898204,0.2255643161768597,0.0912034505809733,0.0133958729323012,0.2302575549324259,0.0908207799430948,0.011239752605469,nonrobust,84.0,144.0,58.0,0.0133958729323012,1.8730289806500973,,,,
ms_case,"Multiple sclerosis current union, corrected G35-first-occurrence",free_water_like__tbss__sagittal_stratum_right,rs2546890,A,G,secondary_composite,secondary_composite,mechanistic_composite,secondary,free_water_like,sagittal stratum (right),composite,interaction,dosage_A_x_disease_flag,ok,33498,135.0,33363.0,-0.0055511892798206,0.011605548197228,0.6324241516495275,0.4634251228729372,0.187725254340669,0.0135679124558549,0.4578739335931165,0.1873643097404122,0.0145401102696549,nonrobust,35.0,71.0,29.0,0.0135679124558549,1.86748696727352,,,,
broad_neurodeg_case,"Broad clinical neurodegeneration, excluding MS definition",tract_geometry_like__tbss__uncinate_fasciculus_left,rs2546890,A,G,secondary_composite,secondary_composite,mechanistic_composite,secondary,tract_geometry_like,uncinate fasciculus (left),composite,stratified_case,additive_dosage_within_stratum,ok,286,,,,,,,,,,,,nonrobust,,,,0.014039003292115,1.8526637241221584,1.0,-0.338147885658531,0.1366201088373563,0.014039003292115
broad_neurodeg_case,"Broad clinical neurodegeneration, excluding MS definition",dMRI_TBSS_ISOVF_superior_corona_radiata_right,rs2546890,A,G,secondary_mechanistic,secondary_mechanistic,mechanistic_support,primary,ISOVF,superior corona radiata (right),basket,interaction,dosage_A_x_disease_flag,ok,33492,286.0,33206.0,-0.0013739918527381,0.0061894131891767,0.8243225183660672,0.1659463754319197,0.0676259748045591,0.0141372743085446,0.1645723835791816,0.0673422319428009,0.0145377533704131,nonrobust,84.0,144.0,58.0,0.0141372743085446,1.8496343152113903,,,,
broad_neurodeg_case,"Broad clinical neurodegeneration, excluding MS definition",demyelination_like__tbss__superior_cerebellar_peduncle_left,rs2546890,A,G,secondary_composite,secondary_composite,mechanistic_composite,secondary,demyelination_like,superior cerebellar peduncle (left),composite,stratified_noncase,additive_dosage_within_stratum,ok,33212,,,,,,,,,,,,nonrobust,,,,0.0144322523020197,1.8406658874783284,0.0,0.0294493599235678,0.0120375909168081,0.0144322523020197
ms_case,"Multiple sclerosis current union, corrected G35-first-occurrence",dMRI_weighted_mean_FA_uncinate_fasciculus_right,rs2546890,A,G,replication_weighted_tensor,replication_weighted_tensor,replication,primary,FA,uncinate fasciculus (right),basket,stratified_noncase,additive_dosage_within_stratum,ok,33356,,,,,,,,,,,,nonrobust,,,,0.0146630836947404,1.83377468653136,0.0,0.0171693410400653,0.007034531942186,0.0146630836947404
ms_case,"Multiple sclerosis current union, corrected G35-first-occurrence",tract_geometry_like__wm__superior_thalamic_radiation_left,rs2546890,A,G,secondary_composite,secondary_composite,mechanistic_composite,secondary,tract_geometry_like,superior thalamic radiation (left),composite,stratified_case,additive_dosage_within_stratum,ok,135,,,,,,,,,,,,nonrobust,,,,0.0147549940440731,1.831060961469118,1.0,-0.4602427722936067,0.1846607690409291,0.0147549940440731
ms_case,"Multiple sclerosis current union, corrected G35-first-occurrence",axonal_loss_like__tbss__superior_fronto_occipital_fasciculus_rig,rs2546890,A,G,secondary_composite,secondary_composite,mechanistic_composite,secondary,axonal_loss_like,superior fronto-occipital fasciculus (right),composite,stratified_noncase,additive_dosage_within_stratum,ok,33363,,,,,,,,,,,,nonrobust,,,,0.0155756946790957,1.8075525746161407,0.0,-0.0151895473144695,0.0062796997387486,0.0155756946790957
broad_neurodeg_case,"Broad clinical neurodegeneration, excluding MS definition",tract_geometry_like__tbss__posterior_corona_radiata_left,rs2546890,A,G,secondary_composite,secondary_composite,mechanistic_composite,secondary,tract_geometry_like,posterior corona radiata (left),composite,stratified_case,additive_dosage_within_stratum,ok,286,,,,,,,,,,,,nonrobust,,,,0.0158796231677423,1.7991598078353657,1.0,-0.2368876166016758,0.0975012087120347,0.0158796231677423
broad_neurodeg_case,"Broad clinical neurodegeneration, excluding MS definition",demyelination_like__tbss__external_capsule_left,rs2546890,A,G,secondary_composite,secondary_composite,mechanistic_composite,secondary,demyelination_like,external capsule (left),composite,stratified_case,additive_dosage_within_stratum,ok,286,,,,,,,,,,,,nonrobust,,,,0.0162023598821252,1.7904217256336732,1.0,0.3991636254986071,0.1648011078400238,0.0162023598821252
broad_neurodeg_case,"Broad clinical neurodegeneration, excluding MS definition",roi__anterior_limb_of_internal_capsule_left__PC2,rs2546890,A,G,secondary_roi_pca,secondary_roi_pca,dimension_reduction,secondary,PC2,anterior limb of internal capsule (left),roi_pca,stratified_noncase,additive_dosage_within_stratum,ok,33212,,,,,,,,,,,,nonrobust,,,,0.0167545939722521,1.7758660923137586,0.0,-0.0234142787399364,0.0097878804205657,0.0167545939722521
ms_case,"Multiple sclerosis current union, corrected G35-first-occurrence",axonal_loss_like__tbss__tapetum_left,rs2546890,A,G,secondary_composite,secondary_composite,mechanistic_composite,secondary,axonal_loss_like,tapetum (left),composite,stratified_noncase,additive_dosage_within_stratum,ok,33363,,,,,,,,,,,,nonrobust,,,,0.0169566580724101,1.770659737204631,0.0,-0.0163707008061004,0.0068560734007457,0.0169566580724101
broad_neurodeg_case,"Broad clinical neurodegeneration, excluding MS definition",dMRI_TBSS_FA_posterior_corona_radiata_left,rs2546890,A,G,primary_skeleton_tensor,primary_skeleton_tensor,primary,primary,FA,posterior corona radiata (left),basket,interaction,dosage_A_x_disease_flag,ok,33491,286.0,33205.0,0.0055850268362284,0.0072589174945034,0.4416600393028178,-0.1881212528226109,0.0793059694177095,0.0176931943489303,-0.1825362259863825,0.0789731441629573,0.0208184277843512,nonrobust,84.0,144.0,58.0,0.0176931943489303,1.752193752004075,,,,
broad_neurodeg_case,"Broad clinical neurodegeneration, excluding MS definition",free_water_like__tbss__superior_cerebellar_peduncle_left,rs2546890,A,G,secondary_composite,secondary_composite,mechanistic_composite,secondary,free_water_like,superior cerebellar peduncle (left),composite,stratified_noncase,additive_dosage_within_stratum,ok,33212,,,,,,,,,,,,nonrobust,,,,0.0177332548527394,1.7512115444413958,0.0,0.0302820002370383,0.0127704280655847,0.0177332548527394
broad_neurodeg_case,"Broad clinical neurodegeneration, excluding MS definition",axonal_loss_like__tbss__posterior_corona_radiata_left,rs2546890,A,G,secondary_composite,secondary_composite,mechanistic_composite,secondary,axonal_loss_like,posterior corona radiata (left),composite,interaction,dosage_A_x_disease_flag,ok,33498,286.0,33212.0,-0.0075575476974049,0.0060533082960757,0.2118572153053621,0.1550039783464412,0.0661409967692214,0.0191076109278363,0.1474464306490363,0.0658634829551894,0.0251841183032803,nonrobust,84.0,144.0,58.0,0.0191076109278363,1.718793610470851,,,,
ms_case,"Multiple sclerosis current union, corrected G35-first-occurrence",tract_geometry_like__tbss__fornix,rs2546890,A,G,secondary_composite,secondary_composite,mechanistic_composite,secondary,tract_geometry_like,fornix,composite,interaction,dosage_A_x_disease_flag,ok,33498,135.0,33363.0,0.0032548169314358,0.007728698792761,0.6736600275905854,0.2927284724721976,0.1250153738485209,0.0192102174626514,0.2959832894036335,0.1247750032905041,0.0176912009442547,nonrobust,35.0,71.0,29.0,0.0192102174626514,1.7164677188293542,,,,
broad_neurodeg_case,"Broad clinical neurodegeneration, excluding MS definition",axonal_loss_like__wm__medial_lemniscus_right,rs2546890,A,G,secondary_composite,secondary_composite,mechanistic_composite,secondary,axonal_loss_like,medial lemniscus (right),composite,stratified_case,additive_dosage_within_stratum,ok,286,,,,,,,,,,,,nonrobust,,,,0.0192124984408825,1.7164161547357193,1.0,0.194279740808253,0.0823946118054727,0.0192124984408825
ms_case,"Multiple sclerosis current union, corrected G35-first-occurrence",free_water_like__tbss__superior_cerebellar_peduncle_left,rs2546890,A,G,secondary_composite,secondary_composite,mechanistic_composite,secondary,free_water_like,superior cerebellar peduncle (left),composite,stratified_noncase,additive_dosage_within_stratum,ok,33363,,,,,,,,,,,,nonrobust,,,,0.0192472415259858,1.7156315038638146,0.0,0.0298190801639079,0.0127387255854378,0.0192472415259858
broad_neurodeg_case,"Broad clinical neurodegeneration, excluding MS definition",axonal_loss_like__tbss__uncinate_fasciculus_right,rs2546890,A,G,secondary_composite,secondary_composite,mechanistic_composite,secondary,axonal_loss_like,uncinate fasciculus (right),composite,stratified_noncase,additive_dosage_within_stratum,ok,33212,,,,,,,,,,,,nonrobust,,,,0.0192822402587684,1.7148425100856697,0.0,-0.0216643697684745,0.0092577107084364,0.0192822402587684
broad_neurodeg_case,"Broad clinical neurodegeneration, excluding MS definition",dMRI_TBSS_FA_superior_corona_radiata_right,rs2546890,A,G,primary_skeleton_tensor,primary_skeleton_tensor,primary,primary,FA,superior corona radiata (right),basket,interaction,dosage_A_x_disease_flag,ok,33497,286.0,33211.0,0.0045213732364136,0.0071996366184018,0.5300080976741537,-0.1838176943669345,0.0786662443346611,0.0194617982458276,-0.1792963211305208,0.0783361770953918,0.0220968257230326,nonrobust,84.0,144.0,58.0,0.0194617982458276,1.7108170339464597,,,,
broad_neurodeg_case,"Broad clinical neurodegeneration, excluding MS definition",tract_geometry_like__tbss__superior_corona_radiata_right,rs2546890,A,G,secondary_composite,secondary_composite,mechanistic_composite,secondary,tract_geometry_like,superior corona radiata (right),composite,stratified_case,additive_dosage_within_stratum,ok,286,,,,,,,,,,,,nonrobust,,,,0.0197319877671907,1.7048291624498717,1.0,-0.2754720735436554,0.1173344033607924,0.0197319877671907
broad_neurodeg_case,"Broad clinical neurodegeneration, excluding MS definition",dMRI_weighted_mean_MD_superior_longitudinal_fasciculus_right,rs2546890,A,G,replication_weighted_tensor,replication_weighted_tensor,replication,primary,MD,superior longitudinal fasciculus (right),basket,interaction,dosage_A_x_disease_flag,ok,33478,284.0,33194.0,0.0056844163576382,0.006520443209943,0.3833326302111384,0.1667885063972356,0.0717422511905912,0.0200870342725694,0.1724729227548739,0.0714450541103892,0.0157810362473133,nonrobust,83.0,144.0,57.0,0.0200870342725694,1.697084179435714,,,,
ms_case,"Multiple sclerosis current union, corrected G35-first-occurrence",roi__superior_cerebellar_peduncle_left__PC1,rs2546890,A,G,secondary_roi_pca,secondary_roi_pca,dimension_reduction,secondary,PC1,superior cerebellar peduncle (left),roi_pca,stratified_noncase,additive_dosage_within_stratum,ok,33363,,,,,,,,,,,,nonrobust,,,,0.0203786663715337,1.6908242406649758,0.0,0.0368183785712448,0.0158740066836286,0.0203786663715337
broad_neurodeg_case,"Broad clinical neurodegeneration, excluding MS definition",axonal_loss_like__tbss__tapetum_left,rs2546890,A,G,secondary_composite,secondary_composite,mechanistic_composite,secondary,axonal_loss_like,tapetum (left),composite,stratified_noncase,additive_dosage_within_stratum,ok,33212,,,,,,,,,,,,nonrobust,,,,0.0205245933697908,1.6877254383013536,0.0,-0.0159134036032152,0.006868911982322,0.0205245933697908
broad_neurodeg_case,"Broad clinical neurodegeneration, excluding MS definition",free_water_like__tbss__anterior_limb_of_internal_capsule_right,rs2546890,A,G,secondary_composite,secondary_composite,mechanistic_composite,secondary,free_water_like,anterior limb of internal capsule (right),composite,interaction,dosage_A_x_disease_flag,ok,33498,286.0,33212.0,0.0124982011417625,0.0131894466266895,0.3433445485163837,0.3337592991671271,0.1441134507041764,0.0205671093299924,0.3462575003088896,0.1435087807519262,0.0158359950830361,nonrobust,84.0,144.0,58.0,0.0205671093299924,1.6868267433199282,,,,
broad_neurodeg_case,"Broad clinical neurodegeneration, excluding MS definition",tract_geometry_like__tbss__superior_longitudinal_fasciculus_right,rs2546890,A,G,secondary_composite,secondary_composite,mechanistic_composite,secondary,tract_geometry_like,superior longitudinal fasciculus (right),composite,stratified_noncase,additive_dosage_within_stratum,ok,33212,,,,,,,,,,,,nonrobust,,,,0.0208764113292841,1.6803441547999811,0.0,0.0250180317315537,0.0108288047224445,0.0208764113292841
ms_case,"Multiple sclerosis current union, corrected G35-first-occurrence",roi__anterior_limb_of_internal_capsule_left__PC2,rs2546890,A,G,secondary_roi_pca,secondary_roi_pca,dimension_reduction,secondary,PC2,anterior limb of internal capsule (left),roi_pca,stratified_noncase,additive_dosage_within_stratum,ok,33363,,,,,,,,,,,,nonrobust,,,,0.0208894210371454,1.680073596585385,0.0,-0.0225759312576575,0.0097727624395522,0.0208894210371454
ms_case,"Multiple sclerosis current union, corrected G35-first-occurrence",tract_geometry_like__tbss__posterior_limb_of_internal_capsule_left,rs2546890,A,G,secondary_composite,secondary_composite,mechanistic_composite,secondary,tract_geometry_like,posterior limb of internal capsule (left),composite,stratified_case,additive_dosage_within_stratum,ok,135,,,,,,,,,,,,nonrobust,,,,0.0209484028553804,1.6788490828426152,1.0,-0.4290839131866564,0.1821646775409813,0.0209484028553804
broad_neurodeg_case,"Broad clinical neurodegeneration, excluding MS definition",free_water_like__tbss__external_capsule_right,rs2546890,A,G,secondary_composite,secondary_composite,mechanistic_composite,secondary,free_water_like,external capsule (right),composite,stratified_case,additive_dosage_within_stratum,ok,286,,,,,,,,,,,,nonrobust,,,,0.0210584600543915,1.6765733907161997,1.0,0.4662097692855125,0.2007082971541425,0.0210584600543915
broad_neurodeg_case,"Broad clinical neurodegeneration, excluding MS definition",demyelination_like__wm__superior_longitudinal_fasciculus_right,rs2546890,A,G,secondary_composite,secondary_composite,mechanistic_composite,secondary,demyelination_like,superior longitudinal fasciculus (right),composite,interaction,dosage_A_x_disease_flag,ok,33498,286.0,33212.0,0.0072759598873804,0.0125714941587839,0.5627506247448566,0.3158344863862139,0.1373614416895739,0.0214943219647229,0.3231104462735944,0.1367851017575161,0.018173723576818,nonrobust,84.0,144.0,58.0,0.0214943219647229,1.6676762500875075,,,,
ms_case,"Multiple sclerosis current union, corrected G35-first-occurrence",axonal_loss_like__tbss__corticospinal_tract_left,rs2546890,A,G,secondary_composite,secondary_composite,mechanistic_composite,secondary,axonal_loss_like,corticospinal tract (left),composite,stratified_noncase,additive_dosage_within_stratum,ok,33363,,,,,,,,,,,,nonrobust,,,,0.0220109890191922,1.6573604428656603,0.0,-0.0171955622792478,0.0075080429588359,0.0220109890191922
broad_neurodeg_case,"Broad clinical neurodegeneration, excluding MS definition",demyelination_like__wm__inferior_fronto_occipital_fasciculus_rig,rs2546890,A,G,secondary_composite,secondary_composite,mechanistic_composite,secondary,demyelination_like,inferior fronto-occipital fasciculus (right),composite,stratified_case,additive_dosage_within_stratum,ok,286,,,,,,,,,,,,nonrobust,,,,0.0221994107909874,1.653658552288942,1.0,0.3627948797516645,0.1575684760188585,0.0221994107909874
broad_neurodeg_case,"Broad clinical neurodegeneration, excluding MS definition",roi__superior_cerebellar_peduncle_left__PC1,rs2546890,A,G,secondary_roi_pca,secondary_roi_pca,dimension_reduction,secondary,PC1,superior cerebellar peduncle (left),roi_pca,stratified_noncase,additive_dosage_within_stratum,ok,33212,,,,,,,,,,,,nonrobust,,,,0.0222027500185519,1.6535932307783956,0.0,0.0363886226941401,0.0159111505895308,0.0222027500185519
ms_case,"Multiple sclerosis current union, corrected G35-first-occurrence",roi__sagittal_stratum_right__PC1,rs2546890,A,G,secondary_roi_pca,secondary_roi_pca,dimension_reduction,secondary,PC1,sagittal stratum (right),roi_pca,interaction,dosage_A_x_disease_flag,ok,33498,135.0,33363.0,-0.0125534086243416,0.0159278326850258,0.4306186968653183,0.5889743973487226,0.2576402588725838,0.0222584929553048,0.576420988724381,0.257144886736451,0.0249925068944826,nonrobust,35.0,71.0,29.0,0.0222584929553048,1.6525042435660706,,,,
broad_neurodeg_case,"Broad clinical neurodegeneration, excluding MS definition",axonal_loss_like__tbss__posterior_corona_radiata_left,rs2546890,A,G,secondary_composite,secondary_composite,mechanistic_composite,secondary,axonal_loss_like,posterior corona radiata (left),composite,stratified_case,additive_dosage_within_stratum,ok,286,,,,,,,,,,,,nonrobust,,,,0.0224153280528126,1.649454900765009,1.0,0.1738211696954412,0.0756168892871996,0.0224153280528126
broad_neurodeg_case,"Broad clinical neurodegeneration, excluding MS definition",tract_geometry_like__tbss__superior_corona_radiata_right,rs2546890,A,G,secondary_composite,secondary_composite,mechanistic_composite,secondary,tract_geometry_like,superior corona radiata (right),composite,interaction,dosage_A_x_disease_flag,ok,33498,286.0,33212.0,0.0053074430806329,0.0097923705130269,0.5878236464917987,-0.2438832927913826,0.1069955658602449,0.0226509014061215,-0.2385758497107497,0.1065466348036116,0.0251515142132657,nonrobust,84.0,144.0,58.0,0.0226509014061215,1.6449145102994966,,,,
ms_case,"Multiple sclerosis current union, corrected G35-first-occurrence",axonal_loss_like__tbss__posterior_corona_radiata_left,rs2546890,A,G,secondary_composite,secondary_composite,mechanistic_composite,secondary,axonal_loss_like,posterior corona radiata (left),composite,interaction,dosage_A_x_disease_flag,ok,33498,135.0,33363.0,-0.007014758013493,0.0060275542193777,0.2445207453389316,0.2200690301464563,0.0974985523867894,0.0240050173733907,0.2130542721329633,0.0973110891914912,0.0285736411843985,nonrobust,35.0,71.0,29.0,0.0240050173733907,1.6196979753784224,,,,
broad_neurodeg_case,"Broad clinical neurodegeneration, excluding MS definition",dMRI_weighted_mean_FA_posterior_thalamic_radiation_left,rs2546890,A,G,replication_weighted_tensor,replication_weighted_tensor,replication,primary,FA,posterior thalamic radiation (left),basket,interaction,dosage_A_x_disease_flag,ok,33490,286.0,33204.0,0.0005932775260663,0.0069470913727877,0.9319443711083848,-0.1712985818359856,0.0759031781220152,0.0240267647833014,-0.1707053043099193,0.0755846497592653,0.0239230861618227,nonrobust,84.0,144.0,58.0,0.0240267647833014,1.6193047032431318,,,,
broad_neurodeg_case,"Broad clinical neurodegeneration, excluding MS definition",axonal_loss_like__tbss__superior_cerebellar_peduncle_left,rs2546890,A,G,secondary_composite,secondary_composite,mechanistic_composite,secondary,axonal_loss_like,superior cerebellar peduncle (left),composite,interaction,dosage_A_x_disease_flag,ok,33498,286.0,33212.0,0.0087829842851361,0.0086960864017485,0.3125060677629297,0.2136392634153116,0.0950171037836936,0.0245552975689209,0.2224222477004477,0.0946184318531617,0.018742472645094,nonrobust,84.0,144.0,58.0,0.0245552975689209,1.6098547985815606,,,,
ms_case,"Multiple sclerosis current union, corrected G35-first-occurrence",tract_geometry_like__tbss__uncinate_fasciculus_right,rs2546890,A,G,secondary_composite,secondary_composite,mechanistic_composite,secondary,tract_geometry_like,uncinate fasciculus (right),composite,stratified_noncase,additive_dosage_within_stratum,ok,33363,,,,,,,,,,,,nonrobust,,,,0.0246091238570549,1.608903847931482,0.0,0.0247415085208016,0.0110080369048616,0.0246091238570549
broad_neurodeg_case,"Broad clinical neurodegeneration, excluding MS definition",tract_geometry_like__tbss__anterior_limb_of_internal_capsule_left,rs2546890,A,G,secondary_composite,secondary_composite,mechanistic_composite,secondary,tract_geometry_like,anterior limb of internal capsule (left),composite,stratified_noncase,additive_dosage_within_stratum,ok,33212,,,,,,,,,,,,nonrobust,,,,0.0246309434302214,1.608518953216019,0.0,0.0197141244976115,0.0087725759466163,0.0246309434302214
broad_neurodeg_case,"Broad clinical neurodegeneration, excluding MS definition",dMRI_weighted_mean_FA_superior_longitudinal_fasciculus_right,rs2546890,A,G,replication_weighted_tensor,replication_weighted_tensor,replication,primary,FA,superior longitudinal fasciculus (right),basket,stratified_case,additive_dosage_within_stratum,ok,285,,,,,,,,,,,,nonrobust,,,,0.0247305248596783,1.6067666664432636,1.0,-0.1873232914105828,0.0828706766189028,0.0247305248596783
ms_case,"Multiple sclerosis current union, corrected G35-first-occurrence",dMRI_TBSS_L1_posterior_limb_of_internal_capsule_left,rs2546890,A,G,directional_tensor_context,directional_tensor_context,directional_context,primary,L1,posterior limb of internal capsule (left),basket,stratified_case,additive_dosage_within_stratum,ok,135,,,,,,,,,,,,nonrobust,,,,0.0247693213152063,1.6060858930144415,1.0,-0.3003691048646324,0.1312724237096572,0.0247693213152063
broad_neurodeg_case,"Broad clinical neurodegeneration, excluding MS definition",dMRI_TBSS_FA_superior_corona_radiata_left,rs2546890,A,G,primary_skeleton_tensor,primary_skeleton_tensor,primary,primary,FA,superior corona radiata (left),basket,interaction,dosage_A_x_disease_flag,ok,33498,286.0,33212.0,0.0029997486838052,0.007161099839532,0.6752955856722508,-0.1754527379286091,0.0782451938979579,0.0249455945250938,-0.1724529892448038,0.0779168933997954,0.0268841109776242,nonrobust,84.0,144.0,58.0,0.0249455945250938,1.6030061411178325,,,,
broad_neurodeg_case,"Broad clinical neurodegeneration, excluding MS definition",axonal_loss_like__wm__parahippocampal_part_of_cingulum_left,rs2546890,A,G,secondary_composite,secondary_composite,mechanistic_composite,secondary,axonal_loss_like,parahippocampal part of cingulum (left),composite,stratified_noncase,additive_dosage_within_stratum,ok,33212,,,,,,,,,,,,nonrobust,,,,0.0249521205231469,1.6028925405268324,0.0,-0.0154854016388319,0.0069062038871238,0.0249521205231469
broad_neurodeg_case,"Broad clinical neurodegeneration, excluding MS definition",tract_geometry_like__tbss__cerebral_peduncle_right,rs2546890,A,G,secondary_composite,secondary_composite,mechanistic_composite,secondary,tract_geometry_like,cerebral peduncle (right),composite,interaction,dosage_A_x_disease_flag,ok,33498,286.0,33212.0,0.0129291976433316,0.0096833315768254,0.1818195356219585,-0.2369033495926008,0.105804160503987,0.0251576476069083,-0.2239741519492691,0.105360228335496,0.033527714006138,nonrobust,84.0,144.0,58.0,0.0251576476069083,1.5993299705042672,,,,
broad_neurodeg_case,"Broad clinical neurodegeneration, excluding MS definition",dMRI_TBSS_L1_cerebral_peduncle_right,rs2546890,A,G,directional_tensor_context,directional_tensor_context,directional_context,primary,L1,cerebral peduncle (right),basket,interaction,dosage_A_x_disease_flag,ok,33493,286.0,33207.0,0.0075121499729222,0.0068871277216121,0.2753897785047208,-0.1683101117874423,0.0752479418540786,0.0253098775277263,-0.16079796181452,0.0749321897484932,0.0318870952754713,nonrobust,84.0,144.0,58.0,0.0253098775277263,1.596709956349502,,,,
broad_neurodeg_case,"Broad clinical neurodegeneration, excluding MS definition",free_water_like__tbss__external_capsule_left,rs2546890,A,G,secondary_composite,secondary_composite,mechanistic_composite,secondary,free_water_like,external capsule (left),composite,stratified_case,additive_dosage_within_stratum,ok,286,,,,,,,,,,,,nonrobust,,,,0.0259171075087831,1.5864134697409058,1.0,0.4179643924691982,0.1864320617743376,0.0259171075087831
broad_neurodeg_case,"Broad clinical neurodegeneration, excluding MS definition",axonal_loss_like__tbss__superior_cerebellar_peduncle_right,rs2546890,A,G,secondary_composite,secondary_composite,mechanistic_composite,secondary,axonal_loss_like,superior cerebellar peduncle (right),composite,stratified_case,additive_dosage_within_stratum,ok,286,,,,,,,,,,,,nonrobust,,,,0.0260263997701608,1.5845859036576218,1.0,0.2374944584027845,0.1060124654645849,0.0260263997701608
ms_case,"Multiple sclerosis current union, corrected G35-first-occurrence",axonal_loss_like__wm__parahippocampal_part_of_cingulum_left,rs2546890,A,G,secondary_composite,secondary_composite,mechanistic_composite,secondary,axonal_loss_like,parahippocampal part of cingulum (left),composite,stratified_noncase,additive_dosage_within_stratum,ok,33363,,,,,,,,,,,,nonrobust,,,,0.0261202079070821,1.58302337056162,0.0,-0.0153129594502807,0.006883716500868,0.0261202079070821
broad_neurodeg_case,"Broad clinical neurodegeneration, excluding MS definition",dMRI_weighted_mean_RD_superior_longitudinal_fasciculus_left,rs2546890,A,G,replication_weighted_tensor,replication_weighted_tensor,replication,primary,RD,superior longitudinal fasciculus (left),derived,interaction,dosage_A_x_disease_flag,ok,33469,285.0,33184.0,0.0009814605234235,0.0067294555694605,0.8840442698220465,0.1633626828888163,0.073803298196682,0.0268707790012862,0.1643441434122398,0.0734957683437972,0.0253515684229427,nonrobust,84.0,144.0,57.0,0.0268707790012862,1.5707197429060216,,,,
broad_neurodeg_case,"Broad clinical neurodegeneration, excluding MS definition",tract_geometry_like__tbss__cerebral_peduncle_right,rs2546890,A,G,secondary_composite,secondary_composite,mechanistic_composite,secondary,tract_geometry_like,cerebral peduncle (right),composite,stratified_case,additive_dosage_within_stratum,ok,286,,,,,,,,,,,,nonrobust,,,,0.0272726795974458,1.564272189626653,1.0,-0.2782655003107432,0.1252482396401377,0.0272726795974458
broad_neurodeg_case,"Broad clinical neurodegeneration, excluding MS definition",tract_geometry_like__tbss__inferior_cerebellar_peduncle_right,rs2546890,A,G,secondary_composite,secondary_composite,mechanistic_composite,secondary,tract_geometry_like,inferior cerebellar peduncle (right),composite,stratified_noncase,additive_dosage_within_stratum,ok,33212,,,,,,,,,,,,nonrobust,,,,0.0272819851909132,1.564124031152998,0.0,0.0224792248035497,0.0101828509595269,0.0272819851909132
broad_neurodeg_case,"Broad clinical neurodegeneration, excluding MS definition",tract_geometry_like__wm__middle_cerebellar_peduncle,rs2546890,A,G,secondary_composite,secondary_composite,mechanistic_composite,secondary,tract_geometry_like,middle cerebellar peduncle,composite,interaction,dosage_A_x_disease_flag,ok,33498,286.0,33212.0,0.0089537792229485,0.0107387462778114,0.4044094875849049,0.2573878242091951,0.117336066184945,0.0282713866251104,0.2663416034321437,0.1168437485477598,0.0226455213682762,nonrobust,84.0,144.0,58.0,0.0282713866251104,1.5486528901710548,,,,
ms_case,"Multiple sclerosis current union, corrected G35-first-occurrence",free_water_like__tbss__posterior_corona_radiata_right,rs2546890,A,G,secondary_composite,secondary_composite,mechanistic_composite,secondary,free_water_like,posterior corona radiata (right),composite,interaction,dosage_A_x_disease_flag,ok,33498,135.0,33363.0,-0.0026954499399523,0.0126419539836654,0.8311608326955974,-0.4476258830761134,0.2044896101946702,0.0286043952864906,-0.4503213330160657,0.2040964322982406,0.0273617604984915,nonrobust,35.0,71.0,29.0,0.0286043952864906,1.5435672290385425,,,,
ms_case,"Multiple sclerosis current union, corrected G35-first-occurrence",demyelination_like__tbss__superior_cerebellar_peduncle_right,rs2546890,A,G,secondary_composite,secondary_composite,mechanistic_composite,secondary,demyelination_like,superior cerebellar peduncle (right),composite,stratified_noncase,additive_dosage_within_stratum,ok,33363,,,,,,,,,,,,nonrobust,,,,0.0288028379119248,1.5405647195751726,0.0,0.0264546237489668,0.0121003495520232,0.0288028379119248
broad_neurodeg_case,"Broad clinical neurodegeneration, excluding MS definition",dMRI_weighted_mean_RD_superior_longitudinal_fasciculus_right,rs2546890,A,G,replication_weighted_tensor,replication_weighted_tensor,replication,primary,RD,superior longitudinal fasciculus (right),derived,stratified_case,additive_dosage_within_stratum,ok,284,,,,,,,,,,,,nonrobust,,,,0.0293824926180914,1.5319113642855873,1.0,0.1726732385747565,0.0787720673914317,0.0293824926180914
broad_neurodeg_case,"Broad clinical neurodegeneration, excluding MS definition",free_water_like__wm__anterior_thalamic_radiation_right,rs2546890,A,G,secondary_composite,secondary_composite,mechanistic_composite,secondary,free_water_like,anterior thalamic radiation (right),composite,stratified_case,additive_dosage_within_stratum,ok,286,,,,,,,,,,,,nonrobust,,,,0.0294181507850685,1.5313846303536096,1.0,0.3802603865190621,0.1735195922354581,0.0294181507850685
ms_case,"Multiple sclerosis current union, corrected G35-first-occurrence",tract_geometry_like__tbss__inferior_cerebellar_peduncle_right,rs2546890,A,G,secondary_composite,secondary_composite,mechanistic_composite,secondary,tract_geometry_like,inferior cerebellar peduncle (right),composite,stratified_noncase,additive_dosage_within_stratum,ok,33363,,,,,,,,,,,,nonrobust,,,,0.0294233281444407,1.531308204721457,0.0,0.0221007691753219,0.0101479214266669,0.0294233281444407
broad_neurodeg_case,"Broad clinical neurodegeneration, excluding MS definition",tract_geometry_like__wm__superior_longitudinal_fasciculus_right,rs2546890,A,G,secondary_composite,secondary_composite,mechanistic_composite,secondary,tract_geometry_like,superior longitudinal fasciculus (right),composite,stratified_case,additive_dosage_within_stratum,ok,286,,,,,,,,,,,,nonrobust,,,,0.0295438995249936,1.5295321823342989,1.0,-0.2343790915615876,0.1070350415776356,0.0295438995249936
broad_neurodeg_case,"Broad clinical neurodegeneration, excluding MS definition",demyelination_like__wm__anterior_thalamic_radiation_right,rs2546890,A,G,secondary_composite,secondary_composite,mechanistic_composite,secondary,demyelination_like,anterior thalamic radiation (right),composite,stratified_case,additive_dosage_within_stratum,ok,286,,,,,,,,,,,,nonrobust,,,,0.0296020983495083,1.528677502815624,1.0,0.3619592750483164,0.165357425707359,0.0296020983495083
ms_case,"Multiple sclerosis current union, corrected G35-first-occurrence",free_water_like__tbss__inferior_cerebellar_peduncle_right,rs2546890,A,G,secondary_composite,secondary_composite,mechanistic_composite,secondary,free_water_like,inferior cerebellar peduncle (right),composite,interaction,dosage_A_x_disease_flag,ok,33498,135.0,33363.0,-0.0205319217631328,0.0125609305999788,0.1021452696044318,0.4416372644852572,0.2031790184801195,0.0297394616024831,0.4211053427221244,0.2027883604950581,0.0378483738071233,nonrobust,35.0,71.0,29.0,0.0297394616024831,1.5266668981270155,,,,
broad_neurodeg_case,"Broad clinical neurodegeneration, excluding MS definition",dMRI_TBSS_RD_anterior_corona_radiata_right,rs2546890,A,G,primary_skeleton_tensor,primary_skeleton_tensor,primary,primary,RD,anterior corona radiata (right),derived,interaction,dosage_A_x_disease_flag,ok,33476,286.0,33190.0,-0.0034192841177233,0.0062367859796427,0.5835276366888233,0.1480069708095194,0.0681207966026211,0.0298088939793751,0.144587686691796,0.0678347110972786,0.0330576735340447,nonrobust,84.0,144.0,58.0,0.0298088939793751,1.5256541376059234,,,,
ms_case,"Multiple sclerosis current union, corrected G35-first-occurrence",axonal_loss_like__wm__superior_thalamic_radiation_left,rs2546890,A,G,secondary_composite,secondary_composite,mechanistic_composite,secondary,axonal_loss_like,superior thalamic radiation (left),composite,stratified_case,additive_dosage_within_stratum,ok,135,,,,,,,,,,,,nonrobust,,,,0.0299337425622783,1.5238389807029882,1.0,0.2841921907403446,0.1285702714521137,0.0299337425622783
broad_neurodeg_case,"Broad clinical neurodegeneration, excluding MS definition",demyelination_like__tbss__superior_corona_radiata_right,rs2546890,A,G,secondary_composite,secondary_composite,mechanistic_composite,secondary,demyelination_like,superior corona radiata (right),composite,interaction,dosage_A_x_disease_flag,ok,33498,286.0,33212.0,0.0010366993875156,0.0117378171378302,0.9296218309981996,0.2783006843544562,0.1282523353212067,0.0300179287359602,0.2793373837419718,0.127714215297741,0.028734341383561,nonrobust,84.0,144.0,58.0,0.0300179287359602,1.5226192777681915,,,,
broad_neurodeg_case,"Broad clinical neurodegeneration, excluding MS definition",dMRI_weighted_mean_FA_superior_thalamic_radiation_left,rs2546890,A,G,replication_weighted_tensor,replication_weighted_tensor,replication,primary,FA,superior thalamic radiation (left),basket,interaction,dosage_A_x_disease_flag,ok,33495,286.0,33209.0,-6.0955147995937406e-05,0.0067586254562255,0.9928041361614798,-0.160058233230886,0.0738456335446999,0.0302060295588559,-0.1601191883788819,0.0735357577616604,0.0294552403711772,nonrobust,84.0,144.0,58.0,0.0302060295588559,1.519906356951244,,,,
broad_neurodeg_case,"Broad clinical neurodegeneration, excluding MS definition",demyelination_like__tbss__superior_corona_radiata_left,rs2546890,A,G,secondary_composite,secondary_composite,mechanistic_composite,secondary,demyelination_like,superior corona radiata (left),composite,interaction,dosage_A_x_disease_flag,ok,33498,286.0,33212.0,0.0013273923679887,0.0119993986157963,0.9119171023665208,0.2839117267043503,0.1311104847566583,0.0303611465012608,0.285239119072339,0.1305603725348641,0.0289155916266017,nonrobust,84.0,144.0,58.0,0.0303611465012608,1.5176818325865142,,,,
ms_case,"Multiple sclerosis current union, corrected G35-first-occurrence",tract_geometry_like__wm__posterior_thalamic_radiation_left,rs2546890,A,G,secondary_composite,secondary_composite,mechanistic_composite,secondary,tract_geometry_like,posterior thalamic radiation (left),composite,stratified_noncase,additive_dosage_within_stratum,ok,33363,,,,,,,,,,,,nonrobust,,,,0.0304014043593428,1.5171063541732852,0.0,-0.0189334450434507,0.0087455904595844,0.0304014043593428
ms_case,"Multiple sclerosis current union, corrected G35-first-occurrence",axonal_loss_like__tbss__uncinate_fasciculus_right,rs2546890,A,G,secondary_composite,secondary_composite,mechanistic_composite,secondary,axonal_loss_like,uncinate fasciculus (right),composite,stratified_noncase,additive_dosage_within_stratum,ok,33363,,,,,,,,,,,,nonrobust,,,,0.0306481592431767,1.5135956044910033,0.0,-0.0199620789534623,0.0092344216333737,0.0306481592431767
broad_neurodeg_case,"Broad clinical neurodegeneration, excluding MS definition",tract_geometry_like__wm__middle_cerebellar_peduncle,rs2546890,A,G,secondary_composite,secondary_composite,mechanistic_composite,secondary,tract_geometry_like,middle cerebellar peduncle,composite,stratified_case,additive_dosage_within_stratum,ok,286,,,,,,,,,,,,nonrobust,,,,0.0315059747743159,1.501607079052901,1.0,0.2932717334770144,0.1355359354799832,0.0315059747743159
broad_neurodeg_case,"Broad clinical neurodegeneration, excluding MS definition",axonal_loss_like__tbss__superior_longitudinal_fasciculus_right,rs2546890,A,G,secondary_composite,secondary_composite,mechanistic_composite,secondary,axonal_loss_like,superior longitudinal fasciculus (right),composite,stratified_case,additive_dosage_within_stratum,ok,286,,,,,,,,,,,,nonrobust,,,,0.0315338821808024,1.5012225593531905,1.0,0.1841781446547225,0.085132303243441,0.0315338821808024
broad_neurodeg_case,"Broad clinical neurodegeneration, excluding MS definition",free_water_like__tbss__superior_cerebellar_peduncle_right,rs2546890,A,G,secondary_composite,secondary_composite,mechanistic_composite,secondary,free_water_like,superior cerebellar peduncle (right),composite,stratified_noncase,additive_dosage_within_stratum,ok,33212,,,,,,,,,,,,nonrobust,,,,0.031711987039168,1.4987765446928931,0.0,0.0282687032175128,0.0131597828882739,0.031711987039168
ms_case,"Multiple sclerosis current union, corrected G35-first-occurrence",demyelination_like__tbss__superior_longitudinal_fasciculus_right,rs2546890,A,G,secondary_composite,secondary_composite,mechanistic_composite,secondary,demyelination_like,superior longitudinal fasciculus (right),composite,stratified_case,additive_dosage_within_stratum,ok,135,,,,,,,,,,,,nonrobust,,,,0.032335643256331,1.4903184951654085,1.0,0.672169566843815,0.3085893758975557,0.032335643256331
ms_case,"Multiple sclerosis current union, corrected G35-first-occurrence",free_water_like__tbss__superior_cerebellar_peduncle_right,rs2546890,A,G,secondary_composite,secondary_composite,mechanistic_composite,secondary,free_water_like,superior cerebellar peduncle (right),composite,stratified_noncase,additive_dosage_within_stratum,ok,33363,,,,,,,,,,,,nonrobust,,,,0.0323715774137769,1.4898361376252995,0.0,0.0281216224929478,0.0131416719575505,0.0323715774137769
broad_neurodeg_case,"Broad clinical neurodegeneration, excluding MS definition",free_water_like__wm__superior_longitudinal_fasciculus_right,rs2546890,A,G,secondary_composite,secondary_composite,mechanistic_composite,secondary,free_water_like,superior longitudinal fasciculus (right),composite,interaction,dosage_A_x_disease_flag,ok,33498,286.0,33212.0,0.011330900674148,0.0129957534542735,0.3832732557835359,0.3038239217782087,0.1419970774972661,0.0323903504666098,0.3151548224523567,0.1414012874051518,0.0258340069158698,nonrobust,84.0,144.0,58.0,0.0323903504666098,1.4895843528576431,,,,
ms_case,"Multiple sclerosis current union, corrected G35-first-occurrence",demyelination_like__wm__uncinate_fasciculus_right,rs2546890,A,G,secondary_composite,secondary_composite,mechanistic_composite,secondary,demyelination_like,uncinate fasciculus (right),composite,interaction,dosage_A_x_disease_flag,ok,33498,135.0,33363.0,-0.0168566448194106,0.0115349870353693,0.1439290127163757,0.3991407438807615,0.186583894033392,0.0324264864195906,0.3822840990613508,0.1862251439585405,0.0400991570862863,nonrobust,35.0,71.0,29.0,0.0324264864195906,1.489100106869788,,,,
broad_neurodeg_case,"Broad clinical neurodegeneration, excluding MS definition",dMRI_TBSS_MD_posterior_thalamic_radiation_right,rs2546890,A,G,primary_skeleton_tensor,primary_skeleton_tensor,primary,primary,MD,posterior thalamic radiation (right),basket,interaction,dosage_A_x_disease_flag,ok,33478,285.0,33193.0,0.0035399272613508,0.006701765135589,0.5973583497771521,0.157098866319259,0.0735224203218901,0.0326257536856073,0.1606387935806099,0.0732162437897843,0.0282399570240766,nonrobust,84.0,144.0,57.0,0.0326257536856073,1.4864394469266249,,,,
broad_neurodeg_case,"Broad clinical neurodegeneration, excluding MS definition",tract_geometry_like__wm__superior_thalamic_radiation_right,rs2546890,A,G,secondary_composite,secondary_composite,mechanistic_composite,secondary,tract_geometry_like,superior thalamic radiation (right),composite,interaction,dosage_A_x_disease_flag,ok,33498,286.0,33212.0,-0.006356143098623,0.0090426927467426,0.482120595729262,-0.2110292397137586,0.0988042707382177,0.0327004201991691,-0.2173853828123817,0.0983897086458004,0.0271513499709027,nonrobust,84.0,144.0,58.0,0.0327004201991691,1.485446666636106,,,,
broad_neurodeg_case,"Broad clinical neurodegeneration, excluding MS definition",demyelination_like__tbss__superior_cerebellar_peduncle_right,rs2546890,A,G,secondary_composite,secondary_composite,mechanistic_composite,secondary,demyelination_like,superior cerebellar peduncle (right),composite,stratified_noncase,additive_dosage_within_stratum,ok,33212,,,,,,,,,,,,nonrobust,,,,0.0332909047361364,1.4776744020024666,0.0,0.0257906700576644,0.0121159973286828,0.0332909047361364
ms_case,"Multiple sclerosis current union, corrected G35-first-occurrence",tract_geometry_like__tbss__superior_longitudinal_fasciculus_right,rs2546890,A,G,secondary_composite,secondary_composite,mechanistic_composite,secondary,tract_geometry_like,superior longitudinal fasciculus (right),composite,stratified_noncase,additive_dosage_within_stratum,ok,33363,,,,,,,,,,,,nonrobust,,,,0.0333441331521309,1.4769805684579431,0.0,0.0230012022692438,0.0108088189962488,0.0333441331521309
broad_neurodeg_case,"Broad clinical neurodegeneration, excluding MS definition",tract_geometry_like__tbss__posterior_corona_radiata_left,rs2546890,A,G,secondary_composite,secondary_composite,mechanistic_composite,secondary,tract_geometry_like,posterior corona radiata (left),composite,interaction,dosage_A_x_disease_flag,ok,33498,286.0,33212.0,0.0067512871759401,0.0088636152544384,0.4462531059014079,-0.2060882942334672,0.0968475946099579,0.0333472759743872,-0.199337007057527,0.096441242322075,0.0387487116682476,nonrobust,84.0,144.0,58.0,0.0333472759743872,1.4769396363384275,,,,
ms_case,"Multiple sclerosis current union, corrected G35-first-occurrence",dMRI_TBSS_ISOVF_posterior_thalamic_radiation_right,rs2546890,A,G,secondary_mechanistic,secondary_mechanistic,mechanistic_support,primary,ISOVF,posterior thalamic radiation (right),basket,stratified_noncase,additive_dosage_within_stratum,ok,33353,,,,,,,,,,,,nonrobust,,,,0.0336244371792702,1.473344976342187,0.0,0.0146688545685182,0.0069041766917653,0.0336244371792702
broad_neurodeg_case,"Broad clinical neurodegeneration, excluding MS definition",demyelination_like__tbss__anterior_limb_of_internal_capsule_right,rs2546890,A,G,secondary_composite,secondary_composite,mechanistic_composite,secondary,demyelination_like,anterior limb of internal capsule (right),composite,stratified_case,additive_dosage_within_stratum,ok,286,,,,,,,,,,,,nonrobust,,,,0.0339006469678177,1.4697920135411036,1.0,0.4116904634887394,0.1929240848512796,0.0339006469678177
broad_neurodeg_case,"Broad clinical neurodegeneration, excluding MS definition",dMRI_weighted_mean_ISOVF_superior_longitudinal_fasciculus_left,rs2546890,A,G,replication_mechanistic,replication_mechanistic,replication_support,primary,ISOVF,superior longitudinal fasciculus (left),basket,interaction,dosage_A_x_disease_flag,ok,33483,286.0,33197.0,0.0084568367317303,0.0070320715686472,0.2291359522693651,0.1626042314374955,0.076817648248362,0.0342879145392707,0.1710610681692258,0.076495123264214,0.0253429562031789,nonrobust,84.0,144.0,58.0,0.0342879145392707,1.4648589287558562,,,,
ms_case,"Multiple sclerosis current union, corrected G35-first-occurrence",tract_geometry_like__tbss__anterior_limb_of_internal_capsule_left,rs2546890,A,G,secondary_composite,secondary_composite,mechanistic_composite,secondary,tract_geometry_like,anterior limb of internal capsule (left),composite,stratified_noncase,additive_dosage_within_stratum,ok,33363,,,,,,,,,,,,nonrobust,,,,0.0348112020981708,1.458280979427914,0.0,0.0184932597874389,0.0087619446645138,0.0348112020981708
ms_case,"Multiple sclerosis current union, corrected G35-first-occurrence",free_water_like__wm__uncinate_fasciculus_right,rs2546890,A,G,secondary_composite,secondary_composite,mechanistic_composite,secondary,free_water_like,uncinate fasciculus (right),composite,interaction,dosage_A_x_disease_flag,ok,33498,135.0,33363.0,-0.0109317958251634,0.0127340208093745,0.390638232855469,0.4332808540379875,0.2059788348292046,0.0354276800011003,0.4223490582128241,0.2055827935588922,0.0399448568955323,nonrobust,35.0,71.0,29.0,0.0354276800011003,1.4506572867215732,,,,
ms_case,"Multiple sclerosis current union, corrected G35-first-occurrence",demyelination_like__wm__superior_longitudinal_fasciculus_right,rs2546890,A,G,secondary_composite,secondary_composite,mechanistic_composite,secondary,demyelination_like,superior longitudinal fasciculus (right),composite,stratified_case,additive_dosage_within_stratum,ok,135,,,,,,,,,,,,nonrobust,,,,0.0354890385074395,1.4499057666870616,1.0,0.6368115935742035,0.2977211581415063,0.0354890385074395
broad_neurodeg_case,"Broad clinical neurodegeneration, excluding MS definition",demyelination_like__wm__acoustic_radiation_left,rs2546890,A,G,secondary_composite,secondary_composite,mechanistic_composite,secondary,demyelination_like,acoustic radiation (left),composite,interaction,dosage_A_x_disease_flag,ok,33498,286.0,33212.0,0.0029439014772599,0.0115682093971245,0.7991247455743944,0.2655226188906597,0.126399129688623,0.0356775794437482,0.2684665203679196,0.1258687853290936,0.032939546740633,nonrobust,84.0,144.0,58.0,0.0356775794437482,1.4476046181379296,,,,
ms_case,"Multiple sclerosis current union, corrected G35-first-occurrence",free_water_like__tbss__superior_longitudinal_fasciculus_right,rs2546890,A,G,secondary_composite,secondary_composite,mechanistic_composite,secondary,free_water_like,superior longitudinal fasciculus (right),composite,stratified_case,additive_dosage_within_stratum,ok,135,,,,,,,,,,,,nonrobust,,,,0.0356978387896523,1.44735807604859,1.0,0.6870188424438449,0.3215683365542959,0.0356978387896523
broad_neurodeg_case,"Broad clinical neurodegeneration, excluding MS definition",dMRI_TBSS_FA_superior_corona_radiata_right,rs2546890,A,G,primary_skeleton_tensor,primary_skeleton_tensor,primary,primary,FA,superior corona radiata (right),basket,stratified_case,additive_dosage_within_stratum,ok,286,,,,,,,,,,,,nonrobust,,,,0.0357985725468782,1.4461342903218686,1.0,-0.1881661153042486,0.0891123090164715,0.0357985725468782
ms_case,"Multiple sclerosis current union, corrected G35-first-occurrence",free_water_like__tbss__superior_longitudinal_fasciculus_right,rs2546890,A,G,secondary_composite,secondary_composite,mechanistic_composite,secondary,free_water_like,superior longitudinal fasciculus (right),composite,interaction,dosage_A_x_disease_flag,ok,33498,135.0,33363.0,0.0104202471708476,0.0121446512270617,0.3908924103918573,0.4119819243538059,0.1964455019042884,0.0359849776407308,0.4224021715246535,0.1960677906399935,0.0312184449828814,nonrobust,35.0,71.0,29.0,0.0359849776407308,1.44387876282532,,,,
broad_neurodeg_case,"Broad clinical neurodegeneration, excluding MS definition",free_water_like__wm__acoustic_radiation_left,rs2546890,A,G,secondary_composite,secondary_composite,mechanistic_composite,secondary,free_water_like,acoustic radiation (left),composite,stratified_case,additive_dosage_within_stratum,ok,286,,,,,,,,,,,,nonrobust,,,,0.0363984247246204,1.4389174116314052,1.0,0.358108235408001,0.1701471511093691,0.0363984247246204
ms_case,"Multiple sclerosis current union, corrected G35-first-occurrence",dMRI_weighted_mean_ICVF_parahippocampal_part_of_cingulum_left,rs2546890,A,G,replication_mechanistic,replication_mechanistic,replication_support,primary,ICVF,parahippocampal part of cingulum (left),basket,stratified_noncase,additive_dosage_within_stratum,ok,33346,,,,,,,,,,,,nonrobust,,,,0.0364954716400194,1.4377610194820754,0.0,0.0146243551749535,0.0069924541784183,0.0364954716400194
broad_neurodeg_case,"Broad clinical neurodegeneration, excluding MS definition",free_water_like__wm__inferior_fronto_occipital_fasciculus_rig,rs2546890,A,G,secondary_composite,secondary_composite,mechanistic_composite,secondary,free_water_like,inferior fronto-occipital fasciculus (right),composite,stratified_case,additive_dosage_within_stratum,ok,286,,,,,,,,,,,,nonrobust,,,,0.0367433852361204,1.43482083383208,1.0,0.3551885415732881,0.1690735070294509,0.0367433852361204
broad_neurodeg_case,"Broad clinical neurodegeneration, excluding MS definition",dMRI_weighted_mean_RD_parahippocampal_part_of_cingulum_left,rs2546890,A,G,replication_weighted_tensor,replication_weighted_tensor,replication,primary,RD,parahippocampal part of cingulum (left),derived,stratified_case,additive_dosage_within_stratum,ok,284,,,,,,,,,,,,nonrobust,,,,0.0379275285058568,1.4210454565653234,1.0,-0.1885705515772766,0.0903230851231424,0.0379275285058568
broad_neurodeg_case,"Broad clinical neurodegeneration, excluding MS definition",tract_geometry_like__tbss__external_capsule_left,rs2546890,A,G,secondary_composite,secondary_composite,mechanistic_composite,secondary,tract_geometry_like,external capsule (left),composite,stratified_case,additive_dosage_within_stratum,ok,286,,,,,,,,,,,,nonrobust,,,,0.0385371127345218,1.414120826536736,1.0,-0.2301140493703228,0.1105792394718639,0.0385371127345218
broad_neurodeg_case,"Broad clinical neurodegeneration, excluding MS definition",dMRI_weighted_mean_FA_superior_thalamic_radiation_left,rs2546890,A,G,replication_weighted_tensor,replication_weighted_tensor,replication,primary,FA,superior thalamic radiation (left),basket,stratified_case,additive_dosage_within_stratum,ok,286,,,,,,,,,,,,nonrobust,,,,0.0388955063231661,1.4101005706995615,1.0,-0.1813544827548576,0.0873103185311707,0.0388955063231661
ms_case,"Multiple sclerosis current union, corrected G35-first-occurrence",roi__posterior_thalamic_radiation_right__PC2,rs2546890,A,G,secondary_roi_pca,secondary_roi_pca,dimension_reduction,secondary,PC2,posterior thalamic radiation (right),roi_pca,interaction,dosage_A_x_disease_flag,ok,33498,135.0,33363.0,0.0125053629232878,0.0126442245972254,0.3226615993210969,-0.4216453120615286,0.204526338447469,0.0392564273623113,-0.4091399491382408,0.2041330899325999,0.0450480819434138,nonrobust,35.0,71.0,29.0,0.0392564273623113,1.40608922708534,,,,
broad_neurodeg_case,"Broad clinical neurodegeneration, excluding MS definition",tract_geometry_like__wm__superior_longitudinal_fasciculus_right,rs2546890,A,G,secondary_composite,secondary_composite,mechanistic_composite,secondary,tract_geometry_like,superior longitudinal fasciculus (right),composite,interaction,dosage_A_x_disease_flag,ok,33498,286.0,33212.0,0.0088803309975802,0.0093820169883407,0.3438867729006956,-0.2109890641222311,0.102511870363007,0.03957948187299,-0.2021087331246508,0.1020817519566085,0.0477261746688769,nonrobust,84.0,144.0,58.0,0.03957948187299,1.402529895353831,,,,
broad_neurodeg_case,"Broad clinical neurodegeneration, excluding MS definition",dMRI_TBSS_MD_anterior_corona_radiata_right,rs2546890,A,G,primary_skeleton_tensor,primary_skeleton_tensor,primary,primary,MD,anterior corona radiata (right),basket,interaction,dosage_A_x_disease_flag,ok,33475,285.0,33190.0,-0.0040187303978679,0.0061462784662447,0.5132143931838244,0.1384585417084215,0.0673273651118673,0.0397423572493079,0.1344398113105536,0.0670460893249462,0.0449513242140088,nonrobust,83.0,144.0,58.0,0.0397423572493079,1.4007463770348196,,,,
broad_neurodeg_case,"Broad clinical neurodegeneration, excluding MS definition",tract_geometry_like__tbss__anterior_limb_of_internal_capsule_right,rs2546890,A,G,secondary_composite,secondary_composite,mechanistic_composite,secondary,tract_geometry_like,anterior limb of internal capsule (right),composite,interaction,dosage_A_x_disease_flag,ok,33498,286.0,33212.0,0.0053482642068077,0.0089418910820239,0.5497683704509673,-0.2002836126221552,0.0977028692806366,0.0403794732111084,-0.1949353484153474,0.0972929284387932,0.0451218192005252,nonrobust,84.0,144.0,58.0,0.0403794732111084,1.393839351142777,,,,
broad_neurodeg_case,"Broad clinical neurodegeneration, excluding MS definition",axonal_loss_like__tbss__anterior_limb_of_internal_capsule_left,rs2546890,A,G,secondary_composite,secondary_composite,mechanistic_composite,secondary,axonal_loss_like,anterior limb of internal capsule (left),composite,stratified_noncase,additive_dosage_within_stratum,ok,33212,,,,,,,,,,,,nonrobust,,,,0.0404989650723249,1.392556074788326,0.0,-0.0146733631380932,0.0071622675622168,0.0404989650723249
broad_neurodeg_case,"Broad clinical neurodegeneration, excluding MS definition",roi__anterior_limb_of_internal_capsule_right__PC1,rs2546890,A,G,secondary_roi_pca,secondary_roi_pca,dimension_reduction,secondary,PC1,anterior limb of internal capsule (right),roi_pca,stratified_case,additive_dosage_within_stratum,ok,286,,,,,,,,,,,,nonrobust,,,,0.0409208346312357,1.3880555168942976,1.0,0.5184437819334061,0.2521793640193369,0.0409208346312357
broad_neurodeg_case,"Broad clinical neurodegeneration, excluding MS definition",tract_geometry_like__wm__posterior_thalamic_radiation_left,rs2546890,A,G,secondary_composite,secondary_composite,mechanistic_composite,secondary,tract_geometry_like,posterior thalamic radiation (left),composite,stratified_noncase,additive_dosage_within_stratum,ok,33212,,,,,,,,,,,,nonrobust,,,,0.0417970023269516,1.3788548646256191,0.0,-0.0178599983343098,0.0087737620503282,0.0417970023269516
broad_neurodeg_case,"Broad clinical neurodegeneration, excluding MS definition",axonal_loss_like__tbss__uncinate_fasciculus_right,rs2546890,A,G,secondary_composite,secondary_composite,mechanistic_composite,secondary,axonal_loss_like,uncinate fasciculus (right),composite,stratified_case,additive_dosage_within_stratum,ok,286,,,,,,,,,,,,nonrobust,,,,0.0418612020477227,1.378188305017933,1.0,0.231281719179216,0.1130254162614822,0.0418612020477227
broad_neurodeg_case,"Broad clinical neurodegeneration, excluding MS definition",dMRI_TBSS_FA_corticospinal_tract_right,rs2546890,A,G,primary_skeleton_tensor,primary_skeleton_tensor,primary,primary,FA,corticospinal tract (right),basket,stratified_noncase,additive_dosage_within_stratum,ok,33208,,,,,,,,,,,,nonrobust,,,,0.0420821944367146,1.3759016213517743,0.0,0.0143896415628638,0.0070787816164806,0.0420821944367146
ms_case,"Multiple sclerosis current union, corrected G35-first-occurrence",demyelination_like__tbss__superior_longitudinal_fasciculus_right,rs2546890,A,G,secondary_composite,secondary_composite,mechanistic_composite,secondary,demyelination_like,superior longitudinal fasciculus (right),composite,interaction,dosage_A_x_disease_flag,ok,33498,135.0,33363.0,0.002076121297092,0.0124417846463701,0.8674758334816692,0.4083080484068792,0.2012517760901217,0.0424822963693167,0.4103841697039712,0.2008648236679399,0.0410517180141923,nonrobust,35.0,71.0,29.0,0.0424822963693167,1.3717920156184942,,,,
ms_case,"Multiple sclerosis current union, corrected G35-first-occurrence",tract_geometry_like__tbss__posterior_corona_radiata_left,rs2546890,A,G,secondary_composite,secondary_composite,mechanistic_composite,secondary,tract_geometry_like,posterior corona radiata (left),composite,interaction,dosage_A_x_disease_flag,ok,33498,135.0,33363.0,0.0061142580571764,0.0088402070579199,0.4891670114790224,-0.2897078102552059,0.1429945479670288,0.042772094474388,-0.2835935521980295,0.1427196083477638,0.0469230183943794,nonrobust,35.0,71.0,29.0,0.042772094474388,1.3688394825840209,,,,
broad_neurodeg_case,"Broad clinical neurodegeneration, excluding MS definition",axonal_loss_like__tbss__uncinate_fasciculus_right,rs2546890,A,G,secondary_composite,secondary_composite,mechanistic_composite,secondary,axonal_loss_like,uncinate fasciculus (right),composite,interaction,dosage_A_x_disease_flag,ok,33498,286.0,33212.0,-0.0216154814793396,0.0092600833109411,0.0195877785814214,0.2043507090797821,0.1011795716317198,0.0434241901900901,0.1827352276004425,0.1007550432726506,0.0697392975203805,nonrobust,84.0,144.0,58.0,0.0434241901900901,1.362268271884999,,,,
broad_neurodeg_case,"Broad clinical neurodegeneration, excluding MS definition",dMRI_weighted_mean_FA_corticospinal_tract_left,rs2546890,A,G,replication_weighted_tensor,replication_weighted_tensor,replication,primary,FA,corticospinal tract (left),basket,interaction,dosage_A_x_disease_flag,ok,33491,286.0,33205.0,0.010721709541269,0.0070747756341576,0.1296593236674877,-0.1552534524816207,0.0772982575340241,0.0445983466267944,-0.1445317429403516,0.0769738737015094,0.060434648657811,nonrobust,84.0,144.0,58.0,0.0445983466267944,1.3506812413813452,,,,
ms_case,"Multiple sclerosis current union, corrected G35-first-occurrence",demyelination_like__tbss__sagittal_stratum_right,rs2546890,A,G,secondary_composite,secondary_composite,mechanistic_composite,secondary,demyelination_like,sagittal stratum (right),composite,interaction,dosage_A_x_disease_flag,ok,33498,135.0,33363.0,-0.0065046567049658,0.0117389660833825,0.579508542425935,0.3812637594455926,0.189883352018288,0.0446636394933564,0.3747591027406268,0.1895182579832292,0.0480012358033621,nonrobust,35.0,71.0,29.0,0.0446636394933564,1.3500458905910373,,,,
ms_case,"Multiple sclerosis current union, corrected G35-first-occurrence",tract_geometry_like__tbss__cingulum_hippocampus_left,rs2546890,A,G,secondary_composite,secondary_composite,mechanistic_composite,secondary,tract_geometry_like,cingulum hippocampus (left),composite,stratified_case,additive_dosage_within_stratum,ok,135,,,,,,,,,,,,nonrobust,,,,0.0446908707086401,1.349781183932748,1.0,-0.4129917958650956,0.2024864659748154,0.0446908707086401
broad_neurodeg_case,"Broad clinical neurodegeneration, excluding MS definition",dMRI_weighted_mean_ICVF_parahippocampal_part_of_cingulum_left,rs2546890,A,G,replication_mechanistic,replication_mechanistic,replication_support,primary,ICVF,parahippocampal part of cingulum (left),basket,stratified_noncase,additive_dosage_within_stratum,ok,33195,,,,,,,,,,,,nonrobust,,,,0.0447254302748233,1.349445472670425,0.0,0.0140774082650481,0.0070130930538665,0.0447254302748233
broad_neurodeg_case,"Broad clinical neurodegeneration, excluding MS definition",free_water_like__wm__medial_lemniscus_right,rs2546890,A,G,secondary_composite,secondary_composite,mechanistic_composite,secondary,free_water_like,medial lemniscus (right),composite,stratified_case,additive_dosage_within_stratum,ok,286,,,,,,,,,,,,nonrobust,,,,0.0464637087229322,1.3328861278629311,1.0,-0.3815512344355556,0.1905934601458425,0.0464637087229322
broad_neurodeg_case,"Broad clinical neurodegeneration, excluding MS definition",dMRI_TBSS_FA_posterior_limb_of_internal_capsule_right,rs2546890,A,G,primary_skeleton_tensor,primary_skeleton_tensor,primary,primary,FA,posterior limb of internal capsule (right),basket,interaction,dosage_A_x_disease_flag,ok,33493,286.0,33207.0,0.0090359180901832,0.0071484141843151,0.2062226436515569,-0.155129752949712,0.0780994030121726,0.0470068821570515,-0.1460938348595287,0.0777715895390884,0.0603216597651915,nonrobust,84.0,144.0,58.0,0.0470068821570515,1.3278385534680468,,,,
broad_neurodeg_case,"Broad clinical neurodegeneration, excluding MS definition",demyelination_like__tbss__superior_longitudinal_fasciculus_right,rs2546890,A,G,secondary_composite,secondary_composite,mechanistic_composite,secondary,demyelination_like,superior longitudinal fasciculus (right),composite,interaction,dosage_A_x_disease_flag,ok,33498,286.0,33212.0,0.0010668172609337,0.0124805296642902,0.9318814796600926,0.2707236390988773,0.1363675252983792,0.047124811542205,0.271790456359811,0.1357953556319966,0.0453497283904945,nonrobust,84.0,144.0,58.0,0.047124811542205,1.3267503735785977,,,,
broad_neurodeg_case,"Broad clinical neurodegeneration, excluding MS definition",roi__posterior_limb_of_internal_capsule_right__PC1,rs2546890,A,G,secondary_roi_pca,secondary_roi_pca,dimension_reduction,secondary,PC1,posterior limb of internal capsule (right),roi_pca,interaction,dosage_A_x_disease_flag,ok,33498,286.0,33212.0,-0.0137696365926593,0.0149916113802647,0.3583693148542459,0.3247275487805365,0.1638046620738495,0.0474418504937642,0.3109579121878771,0.1631173719096728,0.0566140817578142,nonrobust,84.0,144.0,58.0,0.0474418504937642,1.323838379433911,,,,
broad_neurodeg_case,"Broad clinical neurodegeneration, excluding MS definition",dMRI_weighted_mean_MD_superior_longitudinal_fasciculus_left,rs2546890,A,G,replication_weighted_tensor,replication_weighted_tensor,replication,primary,MD,superior longitudinal fasciculus (left),basket,interaction,dosage_A_x_disease_flag,ok,33471,286.0,33185.0,0.0028471687038411,0.0065376000450804,0.6631974808738061,0.1414975702728194,0.0713956673573052,0.0475009709770416,0.1443447389766606,0.0710957920123115,0.0423354556442835,nonrobust,84.0,144.0,58.0,0.0475009709770416,1.3232975127822644,,,,
ms_case,"Multiple sclerosis current union, corrected G35-first-occurrence",free_water_like__tbss__cingulum_cingulate_gyrus_right,rs2546890,A,G,secondary_composite,secondary_composite,mechanistic_composite,secondary,free_water_like,cingulum cingulate gyrus (right),composite,stratified_case,additive_dosage_within_stratum,ok,135,,,,,,,,,,,,nonrobust,,,,0.048008301715864,1.3186836568401286,1.0,0.3671574804626191,0.1828387556455526,0.048008301715864
broad_neurodeg_case,"Broad clinical neurodegeneration, excluding MS definition",axonal_loss_like__tbss__fornix,rs2546890,A,G,secondary_composite,secondary_composite,mechanistic_composite,secondary,axonal_loss_like,fornix,composite,stratified_noncase,additive_dosage_within_stratum,ok,33212,,,,,,,,,,,,nonrobust,,,,0.0487601187724401,1.3119352451752198,0.0,-0.0097423124707704,0.0049434396833543,0.0487601187724401
ms_case,"Multiple sclerosis current union, corrected G35-first-occurrence",free_water_like__tbss__superior_corona_radiata_right,rs2546890,A,G,secondary_composite,secondary_composite,mechanistic_composite,secondary,free_water_like,superior corona radiata (right),composite,interaction,dosage_A_x_disease_flag,ok,33498,135.0,33363.0,0.0050051257435978,0.0113361271119636,0.6588395107309153,0.3603453192864698,0.183367240320436,0.0494043947622742,0.3653504450300676,0.1830146749957006,0.0459104124871786,nonrobust,35.0,71.0,29.0,0.0494043947622742,1.3062344167421045,,,,
broad_neurodeg_case,"Broad clinical neurodegeneration, excluding MS definition",free_water_like__tbss__anterior_limb_of_internal_capsule_right,rs2546890,A,G,secondary_composite,secondary_composite,mechanistic_composite,secondary,free_water_like,anterior limb of internal capsule (right),composite,stratified_case,additive_dosage_within_stratum,ok,286,,,,,,,,,,,,nonrobust,,,,0.0496448962146508,1.3041253928835443,1.0,0.4118474002110181,0.2087020074480458,0.0496448962146508
ms_case,"Multiple sclerosis current union, corrected G35-first-occurrence",free_water_like__wm__superior_longitudinal_fasciculus_right,rs2546890,A,G,secondary_composite,secondary_composite,mechanistic_composite,secondary,free_water_like,superior longitudinal fasciculus (right),composite,stratified_case,additive_dosage_within_stratum,ok,135,,,,,,,,,,,,nonrobust,,,,0.049691863724413,1.303714714462969,1.0,0.6354857128258062,0.3188888819986877,0.049691863724413
ms_case,"Multiple sclerosis current union, corrected G35-first-occurrence",dMRI_weighted_mean_MD_uncinate_fasciculus_right,rs2546890,A,G,replication_weighted_tensor,replication_weighted_tensor,replication,primary,MD,uncinate fasciculus (right),basket,interaction,dosage_A_x_disease_flag,ok,33487,135.0,33352.0,-0.0068245576666625,0.0065640504909452,0.2984928827785769,0.2083447989656987,0.1061618398406164,0.0497101847357114,0.2015202412990361,0.105957691821174,0.0571936715070654,nonrobust,35.0,71.0,29.0,0.0497101847357114,1.303554622909059,,,,
