column_name,field_id,field_id_base,family,analysis_tier,confirmatory_role,panel,modality,metric,region,source,effect_allele,other_allele,n,beta_per_A,se,t,p,vcov_type,aa_vs_gg_additive_2beta,status,raw_p,minus_log10_raw_p,n_tests_in_family,raw_p_rank_within_family,raw_p_lt_0_05,raw_p_lt_0_01,raw_p_lt_0_001
roi__superior_cerebellar_peduncle_left__PC1,,,secondary_roi_pca,secondary_roi_pca,dimension_reduction,secondary,dMRI_roi_pca,PC1,superior cerebellar peduncle (left),roi_pca,A,G,32568,0.04110019833248177,0.015985355576469067,2.5711156774630974,0.010141620157266234,nonrobust,0.08220039666496354,ok,0.010141620157266234,1.9938926594845061,42,1.0,True,False,False
roi__anterior_limb_of_internal_capsule_left__PC2,,,secondary_roi_pca,secondary_roi_pca,dimension_reduction,secondary,dMRI_roi_pca,PC2,anterior limb of internal capsule (left),roi_pca,A,G,32568,-0.022927915909990368,0.009947946113290411,-2.3047889130962194,0.02118476529807364,nonrobust,-0.045855831819980736,ok,0.02118476529807364,1.673976343101091,42,2.0,True,False,False
roi__superior_cerebellar_peduncle_right__PC1,,,secondary_roi_pca,secondary_roi_pca,dimension_reduction,secondary,dMRI_roi_pca,PC1,superior cerebellar peduncle (right),roi_pca,A,G,32568,0.03148960477064006,0.01631227219990356,1.9304241852233333,0.0535631233441814,nonrobust,0.06297920954128013,ok,0.0535631233441814,1.271134106574256,42,3.0,False,False,False
roi__splenium_of_corpus_callosum__PC1,,,secondary_roi_pca,secondary_roi_pca,dimension_reduction,secondary,dMRI_roi_pca,PC1,splenium of corpus callosum,roi_pca,A,G,32568,-0.02899547155178789,0.015615491888503615,-1.8568401020485843,0.0633430864465446,nonrobust,-0.05799094310357578,ok,0.0633430864465446,1.1983007790751623,42,4.0,False,False,False
roi__splenium_of_corpus_callosum__PC1,,,secondary_roi_pca,secondary_roi_pca,dimension_reduction,secondary,dMRI_roi_pca,PC1,splenium of corpus callosum,roi_pca,A,G,32568,-0.02899547155178789,0.015615491888503615,-1.8568401020485843,0.0633430864465446,nonrobust,-0.05799094310357578,ok,0.0633430864465446,1.1983007790751623,42,4.0,False,False,False
roi__body_of_corpus_callosum__PC1,,,secondary_roi_pca,secondary_roi_pca,dimension_reduction,secondary,dMRI_roi_pca,PC1,body of corpus callosum,roi_pca,A,G,32568,-0.02492465333518169,0.015132302848726966,-1.6471156825465283,0.09954408630170923,nonrobust,-0.04984930667036338,ok,0.09954408630170923,1.0019845353635628,42,6.0,False,False,False
roi__superior_cerebellar_peduncle_right__PC2,,,secondary_roi_pca,secondary_roi_pca,dimension_reduction,secondary,dMRI_roi_pca,PC2,superior cerebellar peduncle (right),roi_pca,A,G,32568,0.015124681347711819,0.010496573030863283,1.440916125981348,0.14961816138959086,nonrobust,0.030249362695423637,ok,0.14961816138959086,0.8250156864678246,42,7.0,False,False,False
roi__genu_of_corpus_callosum__PC1,,,secondary_roi_pca,secondary_roi_pca,dimension_reduction,secondary,dMRI_roi_pca,PC1,genu of corpus callosum,roi_pca,A,G,32568,-0.02061801615537425,0.015001048702919217,-1.3744383185264886,0.16931526933313237,nonrobust,-0.0412360323107485,ok,0.16931526933313237,0.7713038742118323,42,8.0,False,False,False
roi__genu_of_corpus_callosum__PC1,,,secondary_roi_pca,secondary_roi_pca,dimension_reduction,secondary,dMRI_roi_pca,PC1,genu of corpus callosum,roi_pca,A,G,32568,-0.02061801615537425,0.015001048702919217,-1.3744383185264886,0.16931526933313237,nonrobust,-0.0412360323107485,ok,0.16931526933313237,0.7713038742118323,42,8.0,False,False,False
roi__corticospinal_tract_left__PC2,,,secondary_roi_pca,secondary_roi_pca,dimension_reduction,secondary,dMRI_roi_pca,PC2,corticospinal tract (left),roi_pca,A,G,32568,0.018257343682725788,0.013776581144334053,1.325244884158691,0.1850994020412158,nonrobust,0.036514687365451576,ok,0.1850994020412158,0.7325949842218114,42,10.0,False,False,False
roi__posterior_thalamic_radiation_left__PC1,,,secondary_roi_pca,secondary_roi_pca,dimension_reduction,secondary,dMRI_roi_pca,PC1,posterior thalamic radiation (left),roi_pca,A,G,32568,-0.021488268352117396,0.017868934157156086,-1.2025489692406668,0.22915980078108522,nonrobust,-0.04297653670423479,ok,0.22915980078108522,0.6398615639739741,42,11.0,False,False,False
roi__posterior_thalamic_radiation_left__PC2,,,secondary_roi_pca,secondary_roi_pca,dimension_reduction,secondary,dMRI_roi_pca,PC2,posterior thalamic radiation (left),roi_pca,A,G,32568,0.01458048632621749,0.012236121593435643,1.1915937754361265,0.23342940180173433,nonrobust,0.02916097265243498,ok,0.23342940180173433,0.631844442909116,42,12.0,False,False,False
roi__posterior_limb_of_internal_capsule_right__PC1,,,secondary_roi_pca,secondary_roi_pca,dimension_reduction,secondary,dMRI_roi_pca,PC1,posterior limb of internal capsule (right),roi_pca,A,G,32568,-0.017609297070889224,0.014976177713586532,-1.1758205202729333,0.2396753497895651,nonrobust,-0.03521859414177845,ok,0.2396753497895651,0.620376630133512,42,13.0,False,False,False
roi__corticospinal_tract_left__PC1,,,secondary_roi_pca,secondary_roi_pca,dimension_reduction,secondary,dMRI_roi_pca,PC1,corticospinal tract (left),roi_pca,A,G,32568,-0.022598055120773133,0.020638570747992115,-1.0949428328495883,0.2735499210914198,nonrobust,-0.04519611024154627,ok,0.2735499210914198,0.5629634061636675,42,14.0,False,False,False
roi__posterior_limb_of_internal_capsule_left__PC1,,,secondary_roi_pca,secondary_roi_pca,dimension_reduction,secondary,dMRI_roi_pca,PC1,posterior limb of internal capsule (left),roi_pca,A,G,32568,-0.016180885283665132,0.015020745598778239,-1.0772358254294152,0.28138304244497914,nonrobust,-0.032361770567330264,ok,0.28138304244497914,0.5507020788788166,42,15.0,False,False,False
roi__corticospinal_tract_right__PC2,,,secondary_roi_pca,secondary_roi_pca,dimension_reduction,secondary,dMRI_roi_pca,PC2,corticospinal tract (right),roi_pca,A,G,32568,0.013541660934769552,0.01379994964751012,0.9812833583210088,0.326460443625916,nonrobust,0.027083321869539104,ok,0.326460443625916,0.4861694335488503,42,16.0,False,False,False
roi__posterior_limb_of_internal_capsule_left__PC2,,,secondary_roi_pca,secondary_roi_pca,dimension_reduction,secondary,dMRI_roi_pca,PC2,posterior limb of internal capsule (left),roi_pca,A,G,32568,0.011604445093820862,0.011905500607316965,0.9747129059561697,0.3297100551996863,nonrobust,0.023208890187641724,ok,0.3297100551996863,0.48186780793374,42,17.0,False,False,False
roi__sagittal_stratum_left__PC2,,,secondary_roi_pca,secondary_roi_pca,dimension_reduction,secondary,dMRI_roi_pca,PC2,sagittal stratum (left),roi_pca,A,G,32568,0.011176215345496468,0.011921342203024075,0.9374963955536323,0.34851035036716926,nonrobust,0.022352430690992936,ok,0.34851035036716926,0.457784319314618,42,18.0,False,False,False
roi__sagittal_stratum_right__PC1,,,secondary_roi_pca,secondary_roi_pca,dimension_reduction,secondary,dMRI_roi_pca,PC1,sagittal stratum (right),roi_pca,A,G,32568,-0.014141117679594807,0.015435273483815405,-0.9161559524308021,0.35959200649012146,nonrobust,-0.028282235359189615,ok,0.35959200649012146,0.44418997093162327,42,19.0,False,False,False
roi__superior_cerebellar_peduncle_left__PC2,,,secondary_roi_pca,secondary_roi_pca,dimension_reduction,secondary,dMRI_roi_pca,PC2,superior cerebellar peduncle (left),roi_pca,A,G,32568,0.008665761166187261,0.01076011717420809,0.805359367922035,0.4206183141632137,nonrobust,0.017331522332374522,ok,0.4206183141632137,0.37611182160009055,42,20.0,False,False,False
roi__retrolenticular_part_of_internal_capsule__PC1,,,secondary_roi_pca,secondary_roi_pca,dimension_reduction,secondary,dMRI_roi_pca,PC1,retrolenticular part of internal capsule (left),roi_pca,A,G,32567,-0.010985996580301475,0.014310449278287627,-0.7676905432291254,0.44267671882106474,nonrobust,-0.02197199316060295,ok,0.44267671882106474,0.353913317762318,42,21.0,False,False,False
roi__retrolenticular_part_of_internal_capsule__PC1,,,secondary_roi_pca,secondary_roi_pca,dimension_reduction,secondary,dMRI_roi_pca,PC1,retrolenticular part of internal capsule (right),roi_pca,A,G,32567,-0.010985996580301475,0.014310449278287627,-0.7676905432291254,0.44267671882106474,nonrobust,-0.02197199316060295,ok,0.44267671882106474,0.353913317762318,42,21.0,False,False,False
roi__inferior_longitudinal_fasciculus_left__PC1,,,secondary_roi_pca,secondary_roi_pca,dimension_reduction,secondary,dMRI_roi_pca,PC1,inferior longitudinal fasciculus (left),roi_pca,A,G,32568,-0.011071441359071753,0.01482416133901817,-0.7468511105536196,0.4551589254057088,nonrobust,-0.022142882718143506,ok,0.4551589254057088,0.34183693658336145,42,23.0,False,False,False
roi__posterior_thalamic_radiation_right__PC2,,,secondary_roi_pca,secondary_roi_pca,dimension_reduction,secondary,dMRI_roi_pca,PC2,posterior thalamic radiation (right),roi_pca,A,G,32568,0.008114974603231632,0.012851211859324703,0.631455981899753,0.5277469311478775,nonrobust,0.016229949206463264,ok,0.5277469311478775,0.27757428343843515,42,24.0,False,False,False
roi__posterior_limb_of_internal_capsule_right__PC2,,,secondary_roi_pca,secondary_roi_pca,dimension_reduction,secondary,dMRI_roi_pca,PC2,posterior limb of internal capsule (right),roi_pca,A,G,32568,0.006826196481832381,0.011731609706522768,0.5818635850148527,0.5606626682562641,nonrobust,0.013652392963664762,ok,0.5606626682562641,0.2512983604523579,42,25.0,False,False,False
roi__sagittal_stratum_left__PC1,,,secondary_roi_pca,secondary_roi_pca,dimension_reduction,secondary,dMRI_roi_pca,PC1,sagittal stratum (left),roi_pca,A,G,32568,-0.007358698956343798,0.015198097610302119,-0.4841855306519193,0.6282575174522729,nonrobust,-0.014717397912687596,ok,0.6282575174522729,0.20186230612813214,42,26.0,False,False,False
roi__corticospinal_tract_right__PC1,,,secondary_roi_pca,secondary_roi_pca,dimension_reduction,secondary,dMRI_roi_pca,PC1,corticospinal tract (right),roi_pca,A,G,32568,-0.009064205875990893,0.020219663300642052,-0.44828668713306763,0.6539493415568018,nonrobust,-0.018128411751981786,ok,0.6539493415568018,0.1844558931657427,42,27.0,False,False,False
roi__body_of_corpus_callosum__PC2,,,secondary_roi_pca,secondary_roi_pca,dimension_reduction,secondary,dMRI_roi_pca,PC2,body of corpus callosum,roi_pca,A,G,32568,-0.0036015663969900576,0.008293406736577852,-0.43426863186456827,0.6640963068252447,nonrobust,-0.007203132793980115,ok,0.6640963068252447,0.17776893495446539,42,28.0,False,False,False
roi__posterior_thalamic_radiation_right__PC1,,,secondary_roi_pca,secondary_roi_pca,dimension_reduction,secondary,dMRI_roi_pca,PC1,posterior thalamic radiation (right),roi_pca,A,G,32568,0.008066149687949626,0.018591533317657734,0.4338614545734437,0.6643919758384512,nonrobust,0.016132299375899252,ok,0.6643919758384512,0.17757562135930433,42,29.0,False,False,False
roi__anterior_limb_of_internal_capsule_right__PC2,,,secondary_roi_pca,secondary_roi_pca,dimension_reduction,secondary,dMRI_roi_pca,PC2,anterior limb of internal capsule (right),roi_pca,A,G,32568,-0.004195072405566473,0.01000873135686549,-0.419141273353177,0.6751157009336364,nonrobust,-0.008390144811132946,ok,0.6751157009336364,0.17062179165634814,42,30.0,False,False,False
roi__anterior_limb_of_internal_capsule_right__PC1,,,secondary_roi_pca,secondary_roi_pca,dimension_reduction,secondary,dMRI_roi_pca,PC1,anterior limb of internal capsule (right),roi_pca,A,G,32568,0.006290142490048983,0.015167849564086441,0.4147023256970071,0.678362608807496,nonrobust,0.012580284980097965,ok,0.678362608807496,0.16853809830456667,42,31.0,False,False,False
roi__inferior_longitudinal_fasciculus_right__PC1,,,secondary_roi_pca,secondary_roi_pca,dimension_reduction,secondary,dMRI_roi_pca,PC1,inferior longitudinal fasciculus (right),roi_pca,A,G,32568,0.005465700294547378,0.01533309597078932,0.35646423298725455,0.7214952826735419,nonrobust,0.010931400589094756,ok,0.7214952826735419,0.14176650409307545,42,32.0,False,False,False
roi__retrolenticular_part_of_internal_capsule__PC2,,,secondary_roi_pca,secondary_roi_pca,dimension_reduction,secondary,dMRI_roi_pca,PC2,retrolenticular part of internal capsule (left),roi_pca,A,G,32567,-0.0037466947004052412,0.011971112923262946,-0.3129779766026976,0.7542994334578816,nonrobust,-0.0074933894008104825,ok,0.7542994334578816,0.12245621847550257,42,33.0,False,False,False
roi__retrolenticular_part_of_internal_capsule__PC2,,,secondary_roi_pca,secondary_roi_pca,dimension_reduction,secondary,dMRI_roi_pca,PC2,retrolenticular part of internal capsule (right),roi_pca,A,G,32567,-0.0037466947004052412,0.011971112923262946,-0.3129779766026976,0.7542994334578816,nonrobust,-0.0074933894008104825,ok,0.7542994334578816,0.12245621847550257,42,33.0,False,False,False
roi__genu_of_corpus_callosum__PC2,,,secondary_roi_pca,secondary_roi_pca,dimension_reduction,secondary,dMRI_roi_pca,PC2,genu of corpus callosum,roi_pca,A,G,32568,0.002226343148271573,0.008847448846240755,0.2516367358504183,0.801323476441737,nonrobust,0.004452686296543146,ok,0.801323476441737,0.09619213351037163,42,35.0,False,False,False
roi__genu_of_corpus_callosum__PC2,,,secondary_roi_pca,secondary_roi_pca,dimension_reduction,secondary,dMRI_roi_pca,PC2,genu of corpus callosum,roi_pca,A,G,32568,0.002226343148271573,0.008847448846240755,0.2516367358504183,0.801323476441737,nonrobust,0.004452686296543146,ok,0.801323476441737,0.09619213351037163,42,35.0,False,False,False
roi__splenium_of_corpus_callosum__PC2,,,secondary_roi_pca,secondary_roi_pca,dimension_reduction,secondary,dMRI_roi_pca,PC2,splenium of corpus callosum,roi_pca,A,G,32568,-0.0014940585175065753,0.011600537644973962,-0.12879217871025914,0.8975229036386303,nonrobust,-0.0029881170350131506,ok,0.8975229036386303,0.0469544599675205,42,37.0,False,False,False
roi__splenium_of_corpus_callosum__PC2,,,secondary_roi_pca,secondary_roi_pca,dimension_reduction,secondary,dMRI_roi_pca,PC2,splenium of corpus callosum,roi_pca,A,G,32568,-0.0014940585175065753,0.011600537644973962,-0.12879217871025914,0.8975229036386303,nonrobust,-0.0029881170350131506,ok,0.8975229036386303,0.0469544599675205,42,37.0,False,False,False
roi__anterior_limb_of_internal_capsule_left__PC1,,,secondary_roi_pca,secondary_roi_pca,dimension_reduction,secondary,dMRI_roi_pca,PC1,anterior limb of internal capsule (left),roi_pca,A,G,32568,0.0019196637277667178,0.01529618891735271,0.12549947821244295,0.9001289262605235,nonrobust,0.0038393274555334356,ok,0.9001289262605235,0.045695281723522725,42,39.0,False,False,False
roi__inferior_longitudinal_fasciculus_right__PC2,,,secondary_roi_pca,secondary_roi_pca,dimension_reduction,secondary,dMRI_roi_pca,PC2,inferior longitudinal fasciculus (right),roi_pca,A,G,32568,-0.0008739439282302031,0.009551318001840963,-0.0914998252661837,0.9270960176436135,nonrobust,-0.0017478878564604061,ok,0.9270960176436135,0.03287528443876166,42,40.0,False,False,False
roi__inferior_longitudinal_fasciculus_left__PC2,,,secondary_roi_pca,secondary_roi_pca,dimension_reduction,secondary,dMRI_roi_pca,PC2,inferior longitudinal fasciculus (left),roi_pca,A,G,32568,0.00033859930772814004,0.009839807063904667,0.03441117346398211,0.9725494881805756,nonrobust,0.0006771986154562801,ok,0.9725494881805756,0.012088290365326475,42,41.0,False,False,False
roi__sagittal_stratum_right__PC2,,,secondary_roi_pca,secondary_roi_pca,dimension_reduction,secondary,dMRI_roi_pca,PC2,sagittal stratum (right),roi_pca,A,G,32568,-0.0002618397031009023,0.011800888416681816,-0.02218813481286408,0.982298020613531,nonrobust,-0.0005236794062018046,ok,0.982298020613531,0.007756731080467818,42,42.0,False,False,False
