r2,r2_adj,cond_number,bp_p,jb_p,n_studres_gt4,diagnostic_status,column_name,family
0.020220093857562182,0.019383804942933014,175763.1765999163,6.504674993015382e-20,0.0,53,ok,demyelination_like__wm__acoustic_radiation_left,secondary
0.04289899214066362,0.04208206074817922,175763.1765999163,1.2096119459638847e-26,0.0,60,ok,demyelination_like__wm__acoustic_radiation_right,secondary
0.2277159707941313,0.22705680766347658,175762.1139160191,4.139050999476301e-118,0.0,123,ok,demyelination_like__tbss__anterior_corona_radiata_left,secondary
0.20082307197642735,0.2001409551050417,175762.1139160191,1.540304309215389e-25,0.0,105,ok,demyelination_like__tbss__anterior_corona_radiata_right,secondary
0.16041792025889212,0.15970131661153608,175762.1139160191,5.513952917945268e-174,0.0,198,ok,demyelination_like__tbss__anterior_limb_of_internal_capsule_left,secondary
0.1571013272737407,0.1563818928339139,175762.1139160191,1.9975148748012172e-157,0.0,187,ok,demyelination_like__tbss__anterior_limb_of_internal_capsule_right,secondary
0.21347007027922893,0.21279872944326583,175763.1765999163,8.023260062592367e-143,0.0,118,ok,demyelination_like__wm__anterior_thalamic_radiation_left,secondary
0.21010789562824905,0.20943368501574533,175763.1765999163,6.427767264733411e-187,0.0,119,ok,demyelination_like__wm__anterior_thalamic_radiation_right,secondary
0.11965118650122153,0.1188997874588631,175762.1139160191,5.299501087579086e-05,0.0,95,ok,demyelination_like__tbss__body_of_corpus_callosum,secondary
0.04743063069534492,0.04661758965876894,175762.1139160191,5.530339700508275e-07,0.0,44,ok,demyelination_like__tbss__cerebral_peduncle_left,secondary
0.06228019032297216,0.061479823745329454,175762.1139160191,1.1406240465019843e-29,0.0,43,ok,demyelination_like__tbss__cerebral_peduncle_right,secondary
0.06868886342233138,0.06789394491593237,175763.1765999163,1.3715479084789083e-21,0.0,36,ok,demyelination_like__wm__cingulate_gyrus_part_of_cingulum_left,secondary
0.06196559557596837,0.061164938439561944,175763.1765999163,1.8993291387784833e-23,0.0,39,ok,demyelination_like__wm__cingulate_gyrus_part_of_cingulum_right,secondary
0.08048655025149609,0.07970172324317559,175762.1139160191,1.2257441791510993e-30,0.0,47,ok,demyelination_like__tbss__cingulum_cingulate_gyrus_left,secondary
0.07790108938341456,0.07711405562159979,175762.1139160191,1.044383628414197e-28,0.0,44,ok,demyelination_like__tbss__cingulum_cingulate_gyrus_right,secondary
0.0797232199845217,0.0789377414553235,175762.1139160191,8.300490994762668e-20,0.0,109,ok,demyelination_like__tbss__cingulum_hippocampus_left,secondary
0.05591061741168535,0.05510481424923397,175762.1139160191,1.1611974119313931e-10,0.0,82,ok,demyelination_like__tbss__cingulum_hippocampus_right,secondary
0.03751129786627494,0.03668979043879306,175762.1139160191,2.863411445809532e-14,0.0,51,ok,demyelination_like__tbss__corticospinal_tract_left,secondary
0.04939911551875931,0.048587732291828,175763.1765999163,1.7083590542759223e-28,0.0,76,ok,demyelination_like__wm__corticospinal_tract_left,secondary
0.07148925983287258,0.0706967534191838,175762.1139160191,1.1913152780956243e-31,0.0,50,ok,demyelination_like__tbss__corticospinal_tract_right,secondary
0.06551596121142078,0.06471833448154263,175763.1765999163,1.155664076395841e-21,0.0,64,ok,demyelination_like__wm__corticospinal_tract_right,secondary
0.16865565437438856,0.16794608183269277,175762.1139160191,4.1680687892629995e-89,0.0,212,ok,demyelination_like__tbss__external_capsule_left,secondary
0.16973527284425405,0.16902662178308048,175762.1139160191,1.1673203060595372e-93,0.0,196,ok,demyelination_like__tbss__external_capsule_right,secondary
0.021985792144112226,0.0211510103372472,175763.1765999163,3.4267956518152016e-29,0.0,71,ok,demyelination_like__wm__forceps_major,secondary
0.11398791454755342,0.11323166094340609,175763.1765999163,9.09809044560675e-62,0.0,46,ok,demyelination_like__wm__forceps_minor,secondary
0.27913025122225077,0.27851497142566184,175762.1139160191,1.5095098031592205e-155,0.0,80,ok,demyelination_like__tbss__fornix,secondary
0.22224085939871097,0.22157702312782335,175762.1139160191,2.3520812901482603e-98,0.0,230,ok,demyelination_like__tbss__fornix_cres_stria_terminalis_left,secondary
0.23320000515897943,0.23254552278452822,175762.1139160191,1.4448844097613744e-118,0.0,196,ok,demyelination_like__tbss__fornix_cres_stria_terminalis_right,secondary
0.1777105222005203,0.17700867820790522,175762.1139160191,7.694463008286329e-26,0.0,85,ok,demyelination_like__tbss__genu_of_corpus_callosum,secondary
0.07979073638441758,0.07900531548210254,175762.1139160191,5.883305881740544e-12,0.0,201,ok,demyelination_like__tbss__inferior_cerebellar_peduncle_left,secondary
0.08002379596332398,0.07923857398300638,175762.1139160191,8.661280931008068e-13,0.0,176,ok,demyelination_like__tbss__inferior_cerebellar_peduncle_right,secondary
0.15985369811639205,0.15913659314768724,175763.1765999163,1.48227821511585e-74,0.0,86,ok,demyelination_like__wm__inferior_fronto_occipital_fasciculus_lef,secondary
0.14571768086640347,0.14498851013226588,175763.1765999163,2.090317400180153e-74,0.0,76,ok,demyelination_like__wm__inferior_fronto_occipital_fasciculus_rig,secondary
0.14783100101893043,0.14710363410441152,175763.1765999163,1.2114774173781184e-50,0.0,91,ok,demyelination_like__wm__inferior_longitudinal_fasciculus_left,secondary
0.1413898684251076,0.1406570036964856,175763.1765999163,3.3762934490160776e-67,0.0,90,ok,demyelination_like__wm__inferior_longitudinal_fasciculus_right,secondary
0.08012074916351952,0.07933560993510735,175762.1139160191,9.806230145474448e-21,0.0,160,ok,demyelination_like__tbss__medial_lemniscus_left,secondary
0.1294808822308008,0.12873785261404802,175763.1765999163,5.2634857810637495e-18,0.0,54,ok,demyelination_like__wm__medial_lemniscus_left,secondary
0.09474496343020256,0.09397230632299824,175762.1139160191,1.0114012436085974e-20,0.0,146,ok,demyelination_like__tbss__medial_lemniscus_right,secondary
0.17236770656990974,0.1716612829047116,175763.1765999163,3.454660852198e-16,0.0,69,ok,demyelination_like__wm__medial_lemniscus_right,secondary
0.06685512118585946,0.06605865942255451,175762.1139160191,1.356048603966559e-05,0.0,68,ok,demyelination_like__tbss__middle_cerebellar_peduncle,secondary
0.06103779543836485,0.06023634638025721,175763.1765999163,4.094851576396258e-13,0.0,107,ok,demyelination_like__wm__middle_cerebellar_peduncle,secondary
0.05354208735456567,0.0527342403518396,175763.1765999163,2.5601851780254424e-44,0.0,259,ok,demyelination_like__wm__parahippocampal_part_of_cingulum_left,secondary
0.04957016721265828,0.04875892998651199,175763.1765999163,8.745523836696485e-56,0.0,184,ok,demyelination_like__wm__parahippocampal_part_of_cingulum_right,secondary
0.04114255169557246,0.040324143631215836,175762.1139160191,1.1049314239358544e-11,1.9828724563276363e-175,21,ok,demyelination_like__tbss__pontine_crossing_tract,secondary
0.131118213960982,0.13037660230439585,175762.1139160191,1.836300255676802e-94,0.0,251,ok,demyelination_like__tbss__posterior_corona_radiata_left,secondary
0.13254598134821793,0.13180558832569034,175762.1139160191,3.278473233645257e-83,0.0,261,ok,demyelination_like__tbss__posterior_corona_radiata_right,secondary
0.09774709287596339,0.09697699815897987,175762.1139160191,1.0402209919617712e-31,0.0,80,ok,demyelination_like__tbss__posterior_limb_of_internal_capsule_left,secondary
0.08747478508719064,0.08669592270662085,175762.1139160191,4.76578531999335e-28,0.0,71,ok,demyelination_like__tbss__posterior_limb_of_internal_capsule_right,secondary
0.16718989270969375,0.16647906910490307,175762.1139160191,3.3469204600777635e-46,0.0,164,ok,demyelination_like__tbss__posterior_thalamic_radiation_left,secondary
0.2010143532242602,0.2003323808392813,175763.1765999163,4.358294132541406e-123,0.0,141,ok,demyelination_like__wm__posterior_thalamic_radiation_left,secondary
0.1474192690246262,0.14669157071349637,175762.1139160191,4.539576672380542e-37,0.0,135,ok,demyelination_like__tbss__posterior_thalamic_radiation_right,secondary
0.17306250071979712,0.17235667009456823,175763.1765999163,1.029323683460671e-92,0.0,145,ok,demyelination_like__wm__posterior_thalamic_radiation_right,secondary
0.05973371276981221,0.058931172711878976,175762.1139160191,3.613582258901394e-42,0.0,82,ok,demyelination_like__tbss__retrolenticular_part_of_internal_capsule,secondary
0.05973371276981221,0.058931172711878976,175762.1139160191,3.613582258901394e-42,0.0,82,ok,demyelination_like__tbss__retrolenticular_part_of_internal_capsule,secondary
0.11503735946605087,0.1142820224105291,175762.1139160191,1.3490060378024419e-06,0.0,77,ok,demyelination_like__tbss__sagittal_stratum_left,secondary
0.08885206406083768,0.08807437722124212,175762.1139160191,7.154474950218126e-19,0.0,76,ok,demyelination_like__tbss__sagittal_stratum_right,secondary
0.0789543950367696,0.07816826029685064,175762.1139160191,1.1217802468057664e-20,0.0,139,ok,demyelination_like__tbss__splenium_of_corpus_callosum,secondary
0.09103055718649777,0.09025472974356785,175762.1139160191,2.002560905914331e-05,0.0,70,ok,demyelination_like__tbss__superior_cerebellar_peduncle_left,secondary
0.07504036600524355,0.07425089054671286,175762.1139160191,2.512358108915597e-08,0.0,72,ok,demyelination_like__tbss__superior_cerebellar_peduncle_right,secondary
0.18072806823370502,0.1800287997897415,175762.1139160191,1.792704772946705e-112,0.0,171,ok,demyelination_like__tbss__superior_corona_radiata_left,secondary
0.16363779665061995,0.1629239412457789,175762.1139160191,4.8591138002424453e-57,0.0,147,ok,demyelination_like__tbss__superior_corona_radiata_right,secondary
0.20979061922344322,0.2091161563709082,175762.1139160191,4.449046334571752e-210,0.0,232,ok,demyelination_like__tbss__superior_fronto_occipital_fasciculus_lef,secondary
0.205483466908997,0.2048053277976033,175762.1139160191,4.5066807660667706e-197,0.0,280,ok,demyelination_like__tbss__superior_fronto_occipital_fasciculus_rig,secondary
0.115210351725894,0.11445516232345743,175762.1139160191,1.1578836416460513e-85,0.0,139,ok,demyelination_like__tbss__superior_longitudinal_fasciculus_left,secondary
0.12749471232798426,0.12674998742041987,175763.1765999163,1.4409854407694831e-105,0.0,125,ok,demyelination_like__wm__superior_longitudinal_fasciculus_left,secondary
0.11711388666675948,0.11636032197751589,175762.1139160191,1.9785156468033684e-66,0.0,133,ok,demyelination_like__tbss__superior_longitudinal_fasciculus_right,secondary
0.12339342111378149,0.1226451955584118,175763.1765999163,2.0629219686501558e-84,0.0,109,ok,demyelination_like__wm__superior_longitudinal_fasciculus_right,secondary
0.13693133838343186,0.1361946680866144,175763.1765999163,1.8159455517576114e-90,0.0,114,ok,demyelination_like__wm__superior_thalamic_radiation_left,secondary
0.1267798914849706,0.12603455644369843,175763.1765999163,7.533995220921835e-111,0.0,99,ok,demyelination_like__wm__superior_thalamic_radiation_right,secondary
0.10383809091224838,0.10307319500966805,175762.1139160191,3.649940777520468e-129,0.0,104,ok,demyelination_like__tbss__tapetum_left,secondary
0.15253734616522774,0.15181401625694368,175762.1139160191,4.1922289144249485e-149,0.0,98,ok,demyelination_like__tbss__tapetum_right,secondary
0.07663514116139991,0.07584702688210487,175762.1139160191,4.405509807138187e-11,0.0,67,ok,demyelination_like__tbss__uncinate_fasciculus_left,secondary
0.12778664310747534,0.127042167376765,175763.1765999163,0.13184552092437118,0.0,65,ok,demyelination_like__wm__uncinate_fasciculus_left,secondary
0.07636347956977108,0.07557513342072553,175762.1139160191,0.10142718323085027,0.0,75,ok,demyelination_like__tbss__uncinate_fasciculus_right,secondary
0.14377961451614596,0.14304878954987488,175763.1765999163,0.0017596236771998982,0.0,67,ok,demyelination_like__wm__uncinate_fasciculus_right,secondary
0.015662410530881132,0.014822231415995146,175763.1765999163,1.5222743347790471e-12,0.0,60,ok,free_water_like__wm__acoustic_radiation_left,secondary
0.031072120659024538,0.030245094467236,175763.1765999163,3.366666436065621e-14,0.0,63,ok,free_water_like__wm__acoustic_radiation_right,secondary
0.20520607342350694,0.2045276975500524,175762.1139160191,5.706413676550784e-101,0.0,155,ok,free_water_like__tbss__anterior_corona_radiata_left,secondary
0.19157297311723287,0.19088296106234948,175762.1139160191,2.984057411300613e-17,0.0,144,ok,free_water_like__tbss__anterior_corona_radiata_right,secondary
0.16371250533649506,0.16299871369732744,175762.1139160191,6.688300285334909e-128,0.0,213,ok,free_water_like__tbss__anterior_limb_of_internal_capsule_left,secondary
0.16727668047545718,0.16656593094612737,175762.1139160191,5.031606304650306e-114,0.0,199,ok,free_water_like__tbss__anterior_limb_of_internal_capsule_right,secondary
0.21787823607271095,0.2172106578166536,175763.1765999163,9.03093777287133e-22,0.0,119,ok,free_water_like__wm__anterior_thalamic_radiation_left,secondary
0.22795678806265096,0.22729781233176471,175763.1765999163,1.6337835101039525e-20,0.0,118,ok,free_water_like__wm__anterior_thalamic_radiation_right,secondary
0.1483751847812742,0.14764830236740367,175762.1139160191,0.016809109091174286,0.0,89,ok,free_water_like__tbss__body_of_corpus_callosum,secondary
0.024514042761189736,0.02368144186156418,175762.1139160191,1.311363315234909e-20,0.0,48,ok,free_water_like__tbss__cerebral_peduncle_left,secondary
0.04706914832434039,0.04625579875380237,175762.1139160191,6.547084586606797e-41,0.0,52,ok,free_water_like__tbss__cerebral_peduncle_right,secondary
0.03863535461294765,0.037814784002330626,175763.1765999163,4.250955184408717e-06,0.0,44,ok,free_water_like__wm__cingulate_gyrus_part_of_cingulum_left,secondary
0.035471304300604634,0.03464803302202646,175763.1765999163,0.0015705967408609434,0.0,41,ok,free_water_like__wm__cingulate_gyrus_part_of_cingulum_right,secondary
0.04990123974654481,0.04909030743465459,175762.1139160191,1.9159149395459227e-56,0.0,68,ok,free_water_like__tbss__cingulum_cingulate_gyrus_left,secondary
0.0486896874210907,0.047877721019935815,175762.1139160191,4.991434657856802e-52,0.0,63,ok,free_water_like__tbss__cingulum_cingulate_gyrus_right,secondary
0.05466595906832761,0.05385909355982321,175762.1139160191,2.2150974390222514e-18,0.0,129,ok,free_water_like__tbss__cingulum_hippocampus_left,secondary
0.03365819721207286,0.032833401069825574,175762.1139160191,5.4278266812620875e-21,0.0,89,ok,free_water_like__tbss__cingulum_hippocampus_right,secondary
0.007868814491310161,0.007022006486057775,175762.1139160191,2.3181571871827115e-07,0.0,106,ok,free_water_like__tbss__corticospinal_tract_left,secondary
0.03455540947310565,0.0337313564345767,175763.1765999163,1.0550249773488271e-08,0.0,47,ok,free_water_like__wm__corticospinal_tract_left,secondary
0.018409444021113552,0.01757163269855455,175762.1139160191,1.0508351123070021e-24,0.0,124,ok,free_water_like__tbss__corticospinal_tract_right,secondary
0.04111103068209587,0.04029257317916757,175763.1765999163,1.1177402804883314e-09,0.0,44,ok,free_water_like__wm__corticospinal_tract_right,secondary
0.15388208865945652,0.15315990652147315,175762.1139160191,2.6298569526869156e-70,0.0,235,ok,free_water_like__tbss__external_capsule_left,secondary
0.15438482813510512,0.15366307509744515,175762.1139160191,3.470306160628894e-78,0.0,236,ok,free_water_like__tbss__external_capsule_right,secondary
0.022458171278758265,0.021623792670031228,175763.1765999163,1.271648296083128e-13,0.0,54,ok,free_water_like__wm__forceps_major,secondary
0.0788614461189392,0.07807521039740739,175763.1765999163,1.1421477136905296e-06,0.0,46,ok,free_water_like__wm__forceps_minor,secondary
0.29668403346996597,0.29608373625183737,175762.1139160191,8.876372412843949e-140,0.0,93,ok,free_water_like__tbss__fornix,secondary
0.17683884726831722,0.17613625928002763,175762.1139160191,1.6409944616373862e-107,0.0,270,ok,free_water_like__tbss__fornix_cres_stria_terminalis_left,secondary
0.20022297199247174,0.19954034292120992,175762.1139160191,3.88187882006823e-155,0.0,246,ok,free_water_like__tbss__fornix_cres_stria_terminalis_right,secondary
0.19409592380347218,0.19340806514812825,175762.1139160191,4.875666087345903e-13,0.0,100,ok,free_water_like__tbss__genu_of_corpus_callosum,secondary
0.0598895645507187,0.05908715751605664,175762.1139160191,4.895959515594956e-07,0.0,243,ok,free_water_like__tbss__inferior_cerebellar_peduncle_left,secondary
0.05823443478241075,0.05743061505438918,175762.1139160191,3.081333582974563e-08,0.0,198,ok,free_water_like__tbss__inferior_cerebellar_peduncle_right,secondary
0.1384860626200941,0.13775071935461936,175763.1765999163,5.045864652225729e-14,0.0,87,ok,free_water_like__wm__inferior_fronto_occipital_fasciculus_lef,secondary
0.14542687636563834,0.1446974574159794,175763.1765999163,2.292678066265879e-13,0.0,75,ok,free_water_like__wm__inferior_fronto_occipital_fasciculus_rig,secondary
0.13680506975081874,0.13606829167769652,175763.1765999163,3.550459225019455e-19,0.0,96,ok,free_water_like__wm__inferior_longitudinal_fasciculus_left,secondary
0.1530009525214443,0.15227799840729372,175763.1765999163,1.0701785773537518e-19,0.0,97,ok,free_water_like__wm__inferior_longitudinal_fasciculus_right,secondary
0.048327244346834,0.04751496859173365,175762.1139160191,5.771622539008319e-10,0.0,198,ok,free_water_like__tbss__medial_lemniscus_left,secondary
0.09201627089805642,0.09124126344735128,175763.1765999163,1.8912877909333372e-23,0.0,67,ok,free_water_like__wm__medial_lemniscus_left,secondary
0.05496300988035774,0.05415639791191873,175762.1139160191,3.305396035764736e-08,0.0,186,ok,free_water_like__tbss__medial_lemniscus_right,secondary
0.15756924311409104,0.1568501882540051,175763.1765999163,2.70042883435407e-19,0.0,64,ok,free_water_like__wm__medial_lemniscus_right,secondary
0.043078360832726315,0.04226160502837106,175762.1139160191,3.917240836298546e-10,0.0,64,ok,free_water_like__tbss__middle_cerebellar_peduncle,secondary
0.07129533479672956,0.07050264103805504,175763.1765999163,3.455836192203797e-11,0.0,89,ok,free_water_like__wm__middle_cerebellar_peduncle,secondary
0.06636053019482469,0.06556362434488494,175763.1765999163,5.327557332544667e-36,0.0,308,ok,free_water_like__wm__parahippocampal_part_of_cingulum_left,secondary
0.07733353189697556,0.07654599202772827,175763.1765999163,3.6912244621816305e-53,0.0,228,ok,free_water_like__wm__parahippocampal_part_of_cingulum_right,secondary
0.033673123174018715,0.032848339771441526,175762.1139160191,1.0855417014176043e-19,0.0,96,ok,free_water_like__tbss__pontine_crossing_tract,secondary
0.1538126420914281,0.15309040067911628,175762.1139160191,3.384224847664074e-57,0.0,302,ok,free_water_like__tbss__posterior_corona_radiata_left,secondary
0.16816210367601103,0.1674521098768359,175762.1139160191,4.812358999222572e-42,0.0,305,ok,free_water_like__tbss__posterior_corona_radiata_right,secondary
0.1131009364721779,0.11234394663271319,175762.1139160191,1.7283869516051923e-26,0.0,78,ok,free_water_like__tbss__posterior_limb_of_internal_capsule_left,secondary
0.09572259074449385,0.09495076806588931,175762.1139160191,3.721357127901326e-25,0.0,55,ok,free_water_like__tbss__posterior_limb_of_internal_capsule_right,secondary
0.15639467793165285,0.15567464034949108,175762.1139160191,1.3220901854887172e-23,0.0,191,ok,free_water_like__tbss__posterior_thalamic_radiation_left,secondary
0.1924232403457199,0.1917339350358468,175763.1765999163,1.2245429477283662e-49,0.0,168,ok,free_water_like__wm__posterior_thalamic_radiation_left,secondary
0.13155073355768676,0.13080949106705597,175762.1139160191,2.0483217116806904e-20,0.0,156,ok,free_water_like__tbss__posterior_thalamic_radiation_right,secondary
0.17822344472287788,0.1775220192096867,175763.1765999163,3.6471947957098e-37,0.0,155,ok,free_water_like__wm__posterior_thalamic_radiation_right,secondary
0.08235020149881656,0.08156696516199013,175762.1139160191,1.1982942333102852e-22,0.0,87,ok,free_water_like__tbss__retrolenticular_part_of_internal_capsule,secondary
0.08235020149881656,0.08156696516199013,175762.1139160191,1.1982942333102852e-22,0.0,87,ok,free_water_like__tbss__retrolenticular_part_of_internal_capsule,secondary
0.11340468328968756,0.1126479527054911,175762.1139160191,3.8198424634391895e-08,0.0,84,ok,free_water_like__tbss__sagittal_stratum_left,secondary
0.09023508812167913,0.0894585817266289,175762.1139160191,5.999148091366403e-22,0.0,83,ok,free_water_like__tbss__sagittal_stratum_right,secondary
0.09583436715031957,0.09506263987558561,175762.1139160191,1.764961763169991e-10,0.0,141,ok,free_water_like__tbss__splenium_of_corpus_callosum,secondary
0.07510784501086698,0.07431842714730252,175762.1139160191,7.581468332829606e-13,0.0,60,ok,free_water_like__tbss__superior_cerebellar_peduncle_left,secondary
0.05924725243236706,0.05844429716874944,175762.1139160191,1.863767853135563e-19,0.0,61,ok,free_water_like__tbss__superior_cerebellar_peduncle_right,secondary
0.1957289557832248,0.1950424909602425,175762.1139160191,6.772133019184482e-92,0.0,207,ok,free_water_like__tbss__superior_corona_radiata_left,secondary
0.17978061365519749,0.17908053653579536,175762.1139160191,8.192411260681148e-31,0.0,193,ok,free_water_like__tbss__superior_corona_radiata_right,secondary
0.19789568041565297,0.19721106494464213,175762.1139160191,2.1426348092158683e-140,0.0,295,ok,free_water_like__tbss__superior_fronto_occipital_fasciculus_lef,secondary
0.19928230519755707,0.1985988732443943,175762.1139160191,9.10479818730417e-166,0.0,318,ok,free_water_like__tbss__superior_fronto_occipital_fasciculus_rig,secondary
0.12556830230774707,0.1248219536670957,175762.1139160191,1.7796115081024574e-83,0.0,164,ok,free_water_like__tbss__superior_longitudinal_fasciculus_left,secondary
0.13912727973967554,0.13839248378361757,175763.1765999163,2.5131048095371003e-35,0.0,150,ok,free_water_like__wm__superior_longitudinal_fasciculus_left,secondary
0.15064294771698972,0.14991800089373064,175762.1139160191,4.398207276902811e-59,0.0,156,ok,free_water_like__tbss__superior_longitudinal_fasciculus_right,secondary
0.14985527759153372,0.14912963849368788,175763.1765999163,2.0791981585059366e-23,0.0,121,ok,free_water_like__wm__superior_longitudinal_fasciculus_right,secondary
0.16543352078716722,0.16472117846343592,175763.1765999163,1.7243531420835173e-21,0.0,125,ok,free_water_like__wm__superior_thalamic_radiation_left,secondary
0.15119631476675022,0.150471820308141,175763.1765999163,5.450443662581202e-19,0.0,101,ok,free_water_like__wm__superior_thalamic_radiation_right,secondary
0.08946597064957729,0.08868880779412958,175762.1139160191,6.250859454040368e-97,0.0,152,ok,free_water_like__tbss__tapetum_left,secondary
0.1353231193588863,0.13458509669093832,175762.1139160191,4.954494494045729e-111,0.0,155,ok,free_water_like__tbss__tapetum_right,secondary
0.05877775030721766,0.05797439431216056,175762.1139160191,2.4978620620408763e-14,0.0,68,ok,free_water_like__tbss__uncinate_fasciculus_left,secondary
0.10691820889134351,0.1061559209559827,175763.1765999163,0.008748963443499107,0.0,63,ok,free_water_like__wm__uncinate_fasciculus_left,secondary
0.0665879631383337,0.06579127334916224,175762.1139160191,0.08076348741365558,0.0,93,ok,free_water_like__tbss__uncinate_fasciculus_right,secondary
0.12560505613390205,0.12485871831458295,175763.1765999163,1.2227896553346958e-06,0.0,72,ok,free_water_like__wm__uncinate_fasciculus_right,secondary
0.019116025492488364,0.018278794202812643,175763.1765999163,1.7614490615067273e-07,0.0,33,ok,axonal_loss_like__wm__acoustic_radiation_left,secondary
0.03053909088330209,0.029711609725158517,175763.1765999163,6.649996774821833e-08,0.0,34,ok,axonal_loss_like__wm__acoustic_radiation_right,secondary
0.1283355979054015,0.12759161121859175,175762.1139160191,1.2165468401296622e-05,2.301494549874244e-136,25,ok,axonal_loss_like__tbss__anterior_corona_radiata_left,secondary
0.10518017970159854,0.10441642930431749,175762.1139160191,0.00041369826089974435,4.288048562252762e-115,25,ok,axonal_loss_like__tbss__anterior_corona_radiata_right,secondary
0.04187261319159985,0.041054828252418796,175762.1139160191,0.00018855733993063917,0.0,32,ok,axonal_loss_like__tbss__anterior_limb_of_internal_capsule_left,secondary
0.05766483219478624,0.05686052629715521,175762.1139160191,0.00010583135534806536,0.0,36,ok,axonal_loss_like__tbss__anterior_limb_of_internal_capsule_right,secondary
0.04108731363749618,0.040268835890938215,175763.1765999163,0.005233978112683607,0.0,32,ok,axonal_loss_like__wm__anterior_thalamic_radiation_left,secondary
0.04437662255240471,0.04356095238800384,175763.1765999163,0.029271636995803655,0.0,35,ok,axonal_loss_like__wm__anterior_thalamic_radiation_right,secondary
0.01069148174707013,0.009847082956711106,175762.1139160191,0.000939738654368934,0.0,51,ok,axonal_loss_like__tbss__body_of_corpus_callosum,secondary
0.0935295294620786,0.09275583495253359,175762.1139160191,1.3768234978288777e-22,0.0,25,ok,axonal_loss_like__tbss__cerebral_peduncle_left,secondary
0.10622506602440984,0.1054622074629219,175762.1139160191,1.1211496382558091e-23,0.0,34,ok,axonal_loss_like__tbss__cerebral_peduncle_right,secondary
0.0669728805352553,0.06617649735555853,175763.1765999163,0.011163386789124537,0.0,23,ok,axonal_loss_like__wm__cingulate_gyrus_part_of_cingulum_left,secondary
0.04327425342504587,0.04245764233597893,175763.1765999163,0.09669397291481391,0.0,29,ok,axonal_loss_like__wm__cingulate_gyrus_part_of_cingulum_right,secondary
0.09456284475082488,0.0937900322009152,175762.1139160191,1.108847386206749e-15,0.0,36,ok,axonal_loss_like__tbss__cingulum_cingulate_gyrus_left,secondary
0.08052313930689536,0.07973834352822018,175762.1139160191,4.1040050232464876e-19,1.0135174019856909e-256,34,ok,axonal_loss_like__tbss__cingulum_cingulate_gyrus_right,secondary
0.09552544787437545,0.09475345692955461,175762.1139160191,3.593497344561432e-25,0.0,42,ok,axonal_loss_like__tbss__cingulum_hippocampus_left,secondary
0.10214892895940664,0.10138259131617278,175762.1139160191,1.0474945892755643e-24,0.0,34,ok,axonal_loss_like__tbss__cingulum_hippocampus_right,secondary
0.08115685968217723,0.08037260479919683,175762.1139160191,9.299571013929338e-21,0.0,21,ok,axonal_loss_like__tbss__corticospinal_tract_left,secondary
0.0461346777138657,0.04532050813345678,175763.1765999163,1.502471258874643e-06,0.0,31,ok,axonal_loss_like__wm__corticospinal_tract_left,secondary
0.12128984087087835,0.12053984045972743,175762.1139160191,9.59365009614655e-21,0.0,20,ok,axonal_loss_like__tbss__corticospinal_tract_right,secondary
0.07348970129112908,0.07269888052899431,175763.1765999163,2.7027722894951225e-07,0.0,30,ok,axonal_loss_like__wm__corticospinal_tract_right,secondary
0.09595347152583866,0.09518184590957501,175762.1139160191,3.793920166987699e-05,0.0,46,ok,axonal_loss_like__tbss__external_capsule_left,secondary
0.1029681315017994,0.10220249306778395,175762.1139160191,1.3566849086129267e-05,0.0,38,ok,axonal_loss_like__tbss__external_capsule_right,secondary
0.032076801173547165,0.031250632524530975,175763.1765999163,4.853198712471015e-08,0.0,39,ok,axonal_loss_like__wm__forceps_major,secondary
0.06022509279525512,0.059422950056651436,175763.1765999163,0.09858746098974612,0.0,33,ok,axonal_loss_like__wm__forceps_minor,secondary
0.05058460085358718,0.049774251806958936,175762.1139160191,1.8803962387040813e-108,3.3711137957592797e-307,34,ok,axonal_loss_like__tbss__fornix,secondary
0.13864065633558076,0.13790546526582326,175762.1139160191,1.7091696106435834e-24,0.0,25,ok,axonal_loss_like__tbss__fornix_cres_stria_terminalis_left,secondary
0.12959337602980192,0.12885046288709612,175762.1139160191,4.2565684544758215e-25,0.0,31,ok,axonal_loss_like__tbss__fornix_cres_stria_terminalis_right,secondary
0.047813045758238415,0.04700033112218416,175762.1139160191,1.0137458106643223e-11,0.0,54,ok,axonal_loss_like__tbss__genu_of_corpus_callosum,secondary
0.042737993112357264,0.041920946795905856,175762.1139160191,1.2237324137997566e-22,0.0,113,ok,axonal_loss_like__tbss__inferior_cerebellar_peduncle_left,secondary
0.0558764810528779,0.05507064875421719,175762.1139160191,6.611962720969648e-23,0.0,120,ok,axonal_loss_like__tbss__inferior_cerebellar_peduncle_right,secondary
0.03940621734895611,0.0385863047064775,175763.1765999163,1.6169740730250665e-06,0.0,33,ok,axonal_loss_like__wm__inferior_fronto_occipital_fasciculus_lef,secondary
0.04995089294471344,0.04913998068615144,175763.1765999163,4.317026571271009e-06,0.0,35,ok,axonal_loss_like__wm__inferior_fronto_occipital_fasciculus_rig,secondary
0.04541113090266291,0.04459634374051591,175763.1765999163,1.3315803263711707e-08,0.0,31,ok,axonal_loss_like__wm__inferior_longitudinal_fasciculus_left,secondary
0.06001200272348162,0.05920967810233091,175763.1765999163,2.949420181832059e-09,0.0,32,ok,axonal_loss_like__wm__inferior_longitudinal_fasciculus_right,secondary
0.0912418396846042,0.09046619257640554,175762.1139160191,1.911837956932587e-23,0.0,47,ok,axonal_loss_like__tbss__medial_lemniscus_left,secondary
0.0912584872714548,0.09048283301625548,175763.1765999163,6.457828948995721e-15,0.0,43,ok,axonal_loss_like__wm__medial_lemniscus_left,secondary
0.10214596006903087,0.10137961989177713,175762.1139160191,1.7632427745157403e-22,0.0,43,ok,axonal_loss_like__tbss__medial_lemniscus_right,secondary
0.09368456382755819,0.09291098034449574,175763.1765999163,7.809280784048005e-12,0.0,43,ok,axonal_loss_like__wm__medial_lemniscus_right,secondary
0.08391173541405383,0.0831298318842586,175762.1139160191,7.524762188939095e-22,0.0,54,ok,axonal_loss_like__tbss__middle_cerebellar_peduncle,secondary
0.06615018745507151,0.06535310206756384,175763.1765999163,0.0016509078958703515,0.0,44,ok,axonal_loss_like__wm__middle_cerebellar_peduncle,secondary
0.0952664929099929,0.09449425967890757,175763.1765999163,7.4198769561894e-07,0.0,50,ok,axonal_loss_like__wm__parahippocampal_part_of_cingulum_left,secondary
0.12322849997017582,0.12248013364673838,175763.1765999163,7.1165633309190624e-06,0.0,45,ok,axonal_loss_like__wm__parahippocampal_part_of_cingulum_right,secondary
0.026766662710538736,0.025935984476618823,175762.1139160191,2.507089172684101e-21,0.0,60,ok,axonal_loss_like__tbss__pontine_crossing_tract,secondary
0.011883262481407919,0.011039880904781474,175762.1139160191,6.17664776697506e-10,0.0,40,ok,axonal_loss_like__tbss__posterior_corona_radiata_left,secondary
0.013495327134182555,0.012653321493796055,175762.1139160191,1.2802655176236812e-20,6.3029355540565264e-223,29,ok,axonal_loss_like__tbss__posterior_corona_radiata_right,secondary
0.04363963706866414,0.042823360327175486,175762.1139160191,0.00019717234732050844,0.0,27,ok,axonal_loss_like__tbss__posterior_limb_of_internal_capsule_left,secondary
0.047129364852265265,0.04631606667799282,175762.1139160191,7.099523219672742e-05,0.0,31,ok,axonal_loss_like__tbss__posterior_limb_of_internal_capsule_right,secondary
0.10126671273099908,0.10049962209483898,175762.1139160191,2.612975289312246e-21,0.0,51,ok,axonal_loss_like__tbss__posterior_thalamic_radiation_left,secondary
0.031624317507519706,0.030797762642097548,175763.1765999163,7.034485751594355e-08,0.0,33,ok,axonal_loss_like__wm__posterior_thalamic_radiation_left,secondary
0.11826874014896904,0.11751616115515351,175762.1139160191,1.5418440507594577e-22,0.0,35,ok,axonal_loss_like__tbss__posterior_thalamic_radiation_right,secondary
0.03251495396898507,0.031689159304292724,175763.1765999163,8.093041224759632e-09,0.0,38,ok,axonal_loss_like__wm__posterior_thalamic_radiation_right,secondary
0.04383819773537989,0.0430220904702312,175762.1139160191,6.153577102829225e-05,0.0,26,ok,axonal_loss_like__tbss__retrolenticular_part_of_internal_capsule,secondary
0.04383819773537989,0.0430220904702312,175762.1139160191,6.153577102829225e-05,0.0,26,ok,axonal_loss_like__tbss__retrolenticular_part_of_internal_capsule,secondary
0.04513348964574393,0.044318487943624474,175762.1139160191,2.8085881820920756e-22,0.0,29,ok,axonal_loss_like__tbss__sagittal_stratum_left,secondary
0.07837875686504758,0.07759213080400185,175762.1139160191,8.443694017231806e-23,0.0,30,ok,axonal_loss_like__tbss__sagittal_stratum_right,secondary
0.02158980632864027,0.02075470952236802,175762.1139160191,0.005148311144740946,0.0,64,ok,axonal_loss_like__tbss__splenium_of_corpus_callosum,secondary
0.08238722441059021,0.08160401967371611,175762.1139160191,4.0019080528229673e-22,0.0,63,ok,axonal_loss_like__tbss__superior_cerebellar_peduncle_left,secondary
0.09096028955326585,0.0901844021352084,175762.1139160191,1.3624767427471268e-21,0.0,57,ok,axonal_loss_like__tbss__superior_cerebellar_peduncle_right,secondary
0.03859699493622104,0.03777641417749378,175762.1139160191,8.876007900232573e-22,1.4389319212506193e-178,29,ok,axonal_loss_like__tbss__superior_corona_radiata_left,secondary
0.03785756657208994,0.037036354693338214,175762.1139160191,1.3085668222257112e-14,0.0,25,ok,axonal_loss_like__tbss__superior_corona_radiata_right,secondary
0.09443529955982322,0.09366237814700262,175762.1139160191,2.1946026461316657e-48,1.6987089008224433e-102,24,ok,axonal_loss_like__tbss__superior_fronto_occipital_fasciculus_lef,secondary
0.08692030600192491,0.08614097036002133,175762.1139160191,2.950130027986826e-34,4.670021504008859e-64,21,ok,axonal_loss_like__tbss__superior_fronto_occipital_fasciculus_rig,secondary
0.023920621183045276,0.023087513783724756,175762.1139160191,1.813134462162017e-05,0.0,41,ok,axonal_loss_like__tbss__superior_longitudinal_fasciculus_left,secondary
0.03942829745852472,0.03860840366247342,175763.1765999163,0.9792480814662295,0.0,38,ok,axonal_loss_like__wm__superior_longitudinal_fasciculus_left,secondary
0.04339436356899118,0.0425778774806278,175762.1139160191,0.00041157457335629083,9.10896748971642e-254,36,ok,axonal_loss_like__tbss__superior_longitudinal_fasciculus_right,secondary
0.060025753412007,0.059223440527725324,175763.1765999163,0.8515178177325365,0.0,35,ok,axonal_loss_like__wm__superior_longitudinal_fasciculus_right,secondary
0.05662685758882591,0.05582164358473041,175763.1765999163,0.05117819861162457,0.0,38,ok,axonal_loss_like__wm__superior_thalamic_radiation_left,secondary
0.05262280685930798,0.05181417520680209,175763.1765999163,0.02234982963953966,0.0,33,ok,axonal_loss_like__wm__superior_thalamic_radiation_right,secondary
0.07625273667819898,0.07546429600741233,175762.1139160191,1.9218031375736114e-22,0.0,17,ok,axonal_loss_like__tbss__tapetum_left,secondary
0.09191866781080338,0.09114359839180941,175762.1139160191,5.050992333226977e-19,0.0,20,ok,axonal_loss_like__tbss__tapetum_right,secondary
0.02535158992134179,0.024519703888510436,175762.1139160191,5.273150932827493e-22,0.0,30,ok,axonal_loss_like__tbss__uncinate_fasciculus_left,secondary
0.044795875326304024,0.04398056301415654,175763.1765999163,8.956371307215452e-09,0.0,35,ok,axonal_loss_like__wm__uncinate_fasciculus_left,secondary
0.03565301906008833,0.03482992554662101,175762.1139160191,2.3774770294863816e-24,0.0,36,ok,axonal_loss_like__tbss__uncinate_fasciculus_right,secondary
0.06117285026506414,0.06037151648269723,175763.1765999163,0.00017274577619060704,0.0,38,ok,axonal_loss_like__wm__uncinate_fasciculus_right,secondary
0.015066612462898754,0.01422592480592444,175763.1765999163,6.729740565102359e-08,6.411504232689497e-29,19,ok,tract_geometry_like__wm__acoustic_radiation_left,secondary
0.03468338595688747,0.03385944215239567,175763.1765999163,1.1594552600689748e-15,1.817704355488653e-52,18,ok,tract_geometry_like__wm__acoustic_radiation_right,secondary
0.09432378078079606,0.09355076418399555,175762.1139160191,0.0015196012020690477,0.0,20,ok,tract_geometry_like__tbss__anterior_corona_radiata_left,secondary
0.06269725742860999,0.06189724682784703,175762.1139160191,0.14149770831323122,0.0,26,ok,tract_geometry_like__tbss__anterior_corona_radiata_right,secondary
0.05235911813906846,0.05155028368593839,175762.1139160191,0.0009125356743525401,0.0,48,ok,tract_geometry_like__tbss__anterior_limb_of_internal_capsule_left,secondary
0.06354919240439505,0.06274990895077548,175762.1139160191,0.0035786279262190472,0.0,40,ok,tract_geometry_like__tbss__anterior_limb_of_internal_capsule_right,secondary
0.03368302368758447,0.03285822602614874,175763.1765999163,0.007379804916217298,1.5735046785804923e-119,27,ok,tract_geometry_like__wm__anterior_thalamic_radiation_left,secondary
0.07106779346418246,0.0702749054881201,175763.1765999163,0.0020674478550241912,3.090673807391949e-98,26,ok,tract_geometry_like__wm__anterior_thalamic_radiation_right,secondary
0.09755008193790327,0.0967798190673107,175762.1139160191,0.0008613923726684923,0.0,83,ok,tract_geometry_like__tbss__body_of_corpus_callosum,secondary
0.072899815164578,0.07210851269404128,175762.1139160191,0.0011947212943699828,0.0,46,ok,tract_geometry_like__tbss__cerebral_peduncle_left,secondary
0.06397786854394438,0.0631789509757964,175762.1139160191,4.340013214027248e-06,0.0,43,ok,tract_geometry_like__tbss__cerebral_peduncle_right,secondary
0.07917608585975744,0.07839011869826218,175763.1765999163,1.1653758870349078e-18,0.0,46,ok,tract_geometry_like__wm__cingulate_gyrus_part_of_cingulum_left,secondary
0.05173357386372346,0.050924183208412854,175763.1765999163,1.3625244961769377e-11,0.0,38,ok,tract_geometry_like__wm__cingulate_gyrus_part_of_cingulum_right,secondary
0.07369678652311895,0.07290616428694663,175762.1139160191,1.6038563120525736e-06,0.0,68,ok,tract_geometry_like__tbss__cingulum_cingulate_gyrus_left,secondary
0.06582557786285415,0.06502823735937813,175762.1139160191,9.713012946751084e-08,0.0,69,ok,tract_geometry_like__tbss__cingulum_cingulate_gyrus_right,secondary
0.050470049103266135,0.049659602283943505,175762.1139160191,6.300127657778336e-12,0.0,82,ok,tract_geometry_like__tbss__cingulum_hippocampus_left,secondary
0.0432365908804383,0.042419970129262574,175762.1139160191,2.2195737615998913e-05,0.0,57,ok,tract_geometry_like__tbss__cingulum_hippocampus_right,secondary
0.06681904583726739,0.0660225532827784,175762.1139160191,0.00025305537291226413,0.0,36,ok,tract_geometry_like__tbss__corticospinal_tract_left,secondary
0.08303684926331623,0.0822541774476595,175763.1765999163,7.156436847501296e-06,0.0,30,ok,tract_geometry_like__wm__corticospinal_tract_left,secondary
0.10165330899664227,0.10088654832976174,175762.1139160191,1.469278901384623e-13,0.0,21,ok,tract_geometry_like__tbss__corticospinal_tract_right,secondary
0.10859572081400382,0.10783486471513637,175763.1765999163,3.303788582736791e-06,0.0,36,ok,tract_geometry_like__wm__corticospinal_tract_right,secondary
0.09945218853585858,0.09868354915933364,175762.1139160191,2.473176790769546e-08,0.0,40,ok,tract_geometry_like__tbss__external_capsule_left,secondary
0.11774326017133618,0.11699023266762787,175762.1139160191,0.00011347589199298317,0.0,33,ok,tract_geometry_like__tbss__external_capsule_right,secondary
0.027618789427989787,0.026788815653168596,175763.1765999163,1.1506192282706644e-19,0.0,111,ok,tract_geometry_like__wm__forceps_major,secondary
0.0757984131743985,0.0750095630080505,175763.1765999163,0.0011071254608932535,0.0,29,ok,tract_geometry_like__wm__forceps_minor,secondary
0.19495907129520018,0.19427194935715375,175762.1139160191,2.001984468761777e-270,0.0,195,ok,tract_geometry_like__tbss__fornix,secondary
0.18787367940707722,0.18718050991538182,175762.1139160191,8.129831088480506e-51,0.0,103,ok,tract_geometry_like__tbss__fornix_cres_stria_terminalis_left,secondary
0.18247068933082589,0.18177290825619097,175762.1139160191,1.0745849233306016e-49,0.0,115,ok,tract_geometry_like__tbss__fornix_cres_stria_terminalis_right,secondary
0.07197517218956129,0.07118308051384215,175762.1139160191,0.0001411885045459778,0.0,97,ok,tract_geometry_like__tbss__genu_of_corpus_callosum,secondary
0.06372801930633087,0.06292888848580491,175762.1139160191,1.3184640757118999e-62,0.0,306,ok,tract_geometry_like__tbss__inferior_cerebellar_peduncle_left,secondary
0.08419113055851835,0.08340946549924844,175762.1139160191,5.4591602887610705e-56,0.0,273,ok,tract_geometry_like__tbss__inferior_cerebellar_peduncle_right,secondary
0.06396429602596787,0.06316534487579317,175763.1765999163,6.46400449814609e-14,0.0,42,ok,tract_geometry_like__wm__inferior_fronto_occipital_fasciculus_lef,secondary
0.07183196195209807,0.07103972623031374,175763.1765999163,3.001728987594225e-11,0.0,44,ok,tract_geometry_like__wm__inferior_fronto_occipital_fasciculus_rig,secondary
0.07504927906138159,0.07425978947331202,175763.1765999163,0.003274554768607102,0.0,49,ok,tract_geometry_like__wm__inferior_longitudinal_fasciculus_left,secondary
0.09752604215701743,0.0967557375590623,175763.1765999163,4.7448924282133784e-05,0.0,48,ok,tract_geometry_like__wm__inferior_longitudinal_fasciculus_right,secondary
0.047243188182098717,0.04642998715879609,175762.1139160191,1.4692998998112689e-09,0.0,117,ok,tract_geometry_like__tbss__medial_lemniscus_left,secondary
0.08292448185770496,0.08214171413110427,175763.1765999163,0.00036042596761021395,0.0,49,ok,tract_geometry_like__wm__medial_lemniscus_left,secondary
0.0574761330896586,0.056671666132769305,175762.1139160191,4.557049631706252e-10,0.0,134,ok,tract_geometry_like__tbss__medial_lemniscus_right,secondary
0.07043017799060969,0.06963674577930734,175763.1765999163,0.0023671308286090874,0.0,52,ok,tract_geometry_like__wm__medial_lemniscus_right,secondary
0.0670641624915762,0.06626787915009058,175762.1139160191,8.07599993554889e-09,0.0,81,ok,tract_geometry_like__tbss__middle_cerebellar_peduncle,secondary
0.07140377694676336,0.07061117574863984,175763.1765999163,1.0854222098706288e-47,0.0,60,ok,tract_geometry_like__wm__middle_cerebellar_peduncle,secondary
0.03840461428438757,0.037583846725886993,175763.1765999163,3.363887056683569e-29,0.0,72,ok,tract_geometry_like__wm__parahippocampal_part_of_cingulum_left,secondary
0.06253393609357649,0.06173376406292863,175763.1765999163,3.355787156834793e-16,0.0,77,ok,tract_geometry_like__wm__parahippocampal_part_of_cingulum_right,secondary
0.03859476923240346,0.037774186573984014,175762.1139160191,1.3894767589768923e-17,3.2698742016652724e-10,5,ok,tract_geometry_like__tbss__pontine_crossing_tract,secondary
0.06360425748939813,0.06280502103516283,175762.1139160191,0.002663943463219945,0.0,24,ok,tract_geometry_like__tbss__posterior_corona_radiata_left,secondary
0.08381084739610445,0.08302885775594149,175762.1139160191,0.41429409542595397,0.0,25,ok,tract_geometry_like__tbss__posterior_corona_radiata_right,secondary
0.04169352152271133,0.04087558372445166,175762.1139160191,0.000583425662474055,0.0,40,ok,tract_geometry_like__tbss__posterior_limb_of_internal_capsule_left,secondary
0.027288064311658755,0.026457831106638463,175762.1139160191,0.0044548926147318525,0.0,44,ok,tract_geometry_like__tbss__posterior_limb_of_internal_capsule_right,secondary
0.09010598953280569,0.08932937294898191,175762.1139160191,1.7632148544846481e-22,0.0,181,ok,tract_geometry_like__tbss__posterior_thalamic_radiation_left,secondary
0.06389945121907314,0.0631004447207607,175763.1765999163,1.3360751273117825e-18,0.0,65,ok,tract_geometry_like__wm__posterior_thalamic_radiation_left,secondary
0.09688076921848487,0.09610993507326948,175762.1139160191,1.3219422840047685e-13,0.0,97,ok,tract_geometry_like__tbss__posterior_thalamic_radiation_right,secondary
0.06442890759017061,0.0636303530081418,175763.1765999163,4.96265005816576e-15,0.0,38,ok,tract_geometry_like__wm__posterior_thalamic_radiation_right,secondary
0.03043547218094289,0.029607925364797838,175762.1139160191,0.31888359074483974,0.0,38,ok,tract_geometry_like__tbss__retrolenticular_part_of_internal_capsule,secondary
0.03043547218094289,0.029607925364797838,175762.1139160191,0.31888359074483974,0.0,38,ok,tract_geometry_like__tbss__retrolenticular_part_of_internal_capsule,secondary
0.03181090900400296,0.030984536156511977,175762.1139160191,0.0018821960116014455,0.0,62,ok,tract_geometry_like__tbss__sagittal_stratum_left,secondary
0.031360034212493226,0.03053327653244342,175762.1139160191,0.025972003994525587,0.0,50,ok,tract_geometry_like__tbss__sagittal_stratum_right,secondary
0.04530244225557678,0.04448758475860337,175762.1139160191,0.4423343134061909,0.0,50,ok,tract_geometry_like__tbss__splenium_of_corpus_callosum,secondary
0.05863977012931265,0.057836296364830564,175762.1139160191,0.00013261999836678068,0.0,96,ok,tract_geometry_like__tbss__superior_cerebellar_peduncle_left,secondary
0.061521573933673857,0.060720559858562284,175762.1139160191,0.0003401115694278834,0.0,82,ok,tract_geometry_like__tbss__superior_cerebellar_peduncle_right,secondary
0.05843743851625394,0.05763379205683783,175762.1139160191,8.629419430719468e-17,0.0,18,ok,tract_geometry_like__tbss__superior_corona_radiata_left,secondary
0.0476405955951843,0.0468277337687375,175762.1139160191,5.733258901576512e-07,0.0,16,ok,tract_geometry_like__tbss__superior_corona_radiata_right,secondary
0.04396790646638282,0.043151909910778774,175762.1139160191,2.6928587110128454e-123,0.0,65,ok,tract_geometry_like__tbss__superior_fronto_occipital_fasciculus_lef,secondary
0.03721431224025851,0.036392551328349065,175762.1139160191,4.464434494869973e-86,0.0,52,ok,tract_geometry_like__tbss__superior_fronto_occipital_fasciculus_rig,secondary
0.02107478709497357,0.02023925070730692,175762.1139160191,0.0007064629495358018,0.0,43,ok,tract_geometry_like__tbss__superior_longitudinal_fasciculus_left,secondary
0.051404191100690166,0.050594519301469965,175763.1765999163,0.021137543681562437,0.0,12,ok,tract_geometry_like__wm__superior_longitudinal_fasciculus_left,secondary
0.031562785814254424,0.030736201187609224,175762.1139160191,0.02161216970311758,0.0,35,ok,tract_geometry_like__tbss__superior_longitudinal_fasciculus_right,secondary
0.08400282848179863,0.08322098117551091,175763.1765999163,4.5922260857218446e-07,4.38075990441545e-78,12,ok,tract_geometry_like__wm__superior_longitudinal_fasciculus_right,secondary
0.15674086725895153,0.15602110534053493,175763.1765999163,2.669560004799806e-35,0.0,23,ok,tract_geometry_like__wm__superior_thalamic_radiation_left,secondary
0.17473249534829483,0.17402809014318998,175763.1765999163,3.8025920273835145e-33,0.0,17,ok,tract_geometry_like__wm__superior_thalamic_radiation_right,secondary
0.02617210774769385,0.02534092204670768,175762.1139160191,0.007078214438411662,0.0,141,ok,tract_geometry_like__tbss__tapetum_left,secondary
0.008624794334810004,0.0077786315766706915,175762.1139160191,0.610320280533065,0.0,123,ok,tract_geometry_like__tbss__tapetum_right,secondary
0.02066127111935523,0.019825381785784302,175762.1139160191,2.4600550757068415e-12,0.0,51,ok,tract_geometry_like__tbss__uncinate_fasciculus_left,secondary
0.05057191147946449,0.049761529289862994,175763.1765999163,0.02234692754212353,0.0,49,ok,tract_geometry_like__wm__uncinate_fasciculus_left,secondary
0.026452906537785426,0.025621960505370023,175762.1139160191,2.565752893656618e-08,0.0,62,ok,tract_geometry_like__tbss__uncinate_fasciculus_right,secondary
0.0723507854399823,0.07155899255880827,175763.1765999163,6.394313742522711e-06,0.0,44,ok,tract_geometry_like__wm__uncinate_fasciculus_right,secondary
0.08742109980824164,0.08664212726353959,175762.21410754608,0.0009397850409153787,0.0,73,ok,roi__superior_cerebellar_peduncle_left__PC1,secondary
0.05417968596355427,0.05337233872300218,175762.21410754608,1.7858390223383186e-12,0.0,73,ok,roi__superior_cerebellar_peduncle_left__PC2,secondary
0.0710411208204218,0.07024816641189224,175762.21410754608,0.00013071891442506046,0.0,70,ok,roi__superior_cerebellar_peduncle_right__PC1,secondary
0.057956107172273286,0.05715198346498307,175762.21410754608,3.5576669412873497e-09,0.0,64,ok,roi__superior_cerebellar_peduncle_right__PC2,secondary
0.14073243965182802,0.13999897338614553,175762.21410754608,0.011658270439795296,0.0,109,ok,roi__body_of_corpus_callosum__PC1,secondary
0.014107177778983848,0.013265624856417246,175762.21410754608,0.019120281914988886,0.0,40,ok,roi__body_of_corpus_callosum__PC2,secondary
0.1810223489795516,0.1803232739683548,175762.21410754608,3.594051831151972e-18,0.0,102,ok,roi__genu_of_corpus_callosum__PC1,secondary
0.048625220824834225,0.04781313232208262,175762.21410754608,0.00888293632895455,0.0,45,ok,roi__genu_of_corpus_callosum__PC2,secondary
0.09569298331294884,0.09492107160445706,175762.21410754608,8.205980118512166e-19,0.0,142,ok,roi__splenium_of_corpus_callosum__PC1,secondary
0.0667670624572716,0.06597045973502513,175762.21410754608,0.4368205206390587,0.0,39,ok,roi__splenium_of_corpus_callosum__PC2,secondary
0.1810223489795516,0.1803232739683548,175762.21410754608,3.594051831151972e-18,0.0,102,ok,roi__genu_of_corpus_callosum__PC1,secondary
0.048625220824834225,0.04781313232208262,175762.21410754608,0.00888293632895455,0.0,45,ok,roi__genu_of_corpus_callosum__PC2,secondary
0.09569298331294884,0.09492107160445706,175762.21410754608,8.205980118512166e-19,0.0,142,ok,roi__splenium_of_corpus_callosum__PC1,secondary
0.0667670624572716,0.06597045973502513,175762.21410754608,0.4368205206390587,0.0,39,ok,roi__splenium_of_corpus_callosum__PC2,secondary
0.1703303039238767,0.1696221022393114,175762.21410754608,8.406564544385305e-169,0.0,213,ok,roi__anterior_limb_of_internal_capsule_left__PC1,secondary
0.07087307281284028,0.0700799749594162,175762.21410754608,0.0016952127012994065,0.0,47,ok,roi__anterior_limb_of_internal_capsule_left__PC2,secondary
0.17269524556741944,0.17198906258459024,175762.21410754608,3.7532552404852515e-147,0.0,206,ok,roi__anterior_limb_of_internal_capsule_right__PC1,secondary
0.10213314403883056,0.10136672961762849,175762.21410754608,0.004891304743515332,0.0,36,ok,roi__anterior_limb_of_internal_capsule_right__PC2,secondary
0.07387894137805706,0.07308840931821514,175762.21410754608,8.523781065663994e-11,0.0,37,ok,roi__posterior_limb_of_internal_capsule_left__PC1,secondary
0.07681853384026283,0.07603051100107039,175762.21410754608,5.714098524814706e-09,0.0,37,ok,roi__posterior_limb_of_internal_capsule_left__PC2,secondary
0.06004570984701019,0.05924336981356193,175762.21410754608,5.980317670218952e-16,0.0,44,ok,roi__posterior_limb_of_internal_capsule_right__PC1,secondary
0.07526686921245151,0.07447752188050194,175762.21410754608,0.000156972026321301,0.0,26,ok,roi__posterior_limb_of_internal_capsule_right__PC2,secondary
0.06283341364587447,0.06203345318171227,175762.21410754608,8.650558099868547e-36,0.0,90,ok,roi__retrolenticular_part_of_internal_capsule__PC1,secondary
0.044333710884580824,0.043517959171538,175762.21410754608,0.1642960381053766,0.0,30,ok,roi__retrolenticular_part_of_internal_capsule__PC2,secondary
0.06283341364587447,0.06203345318171227,175762.21410754608,8.650558099868547e-36,0.0,90,ok,roi__retrolenticular_part_of_internal_capsule__PC1,secondary
0.044333710884580824,0.043517959171538,175762.21410754608,0.1642960381053766,0.0,30,ok,roi__retrolenticular_part_of_internal_capsule__PC2,secondary
0.022034999122962695,0.02120021334695732,175762.21410754608,4.366643917883022e-11,0.0,78,ok,roi__corticospinal_tract_left__PC1,secondary
0.07712264050960527,0.0763348772542648,175762.21410754608,7.391783047553693e-06,0.0,22,ok,roi__corticospinal_tract_left__PC2,secondary
0.056883142899384675,0.05607810331544005,175762.21410754608,7.511011138602169e-12,0.0,87,ok,roi__corticospinal_tract_right__PC1,secondary
0.08164829013222452,0.0808643899475755,175762.21410754608,5.270421803029692e-07,0.0,21,ok,roi__corticospinal_tract_right__PC2,secondary
0.20773821729856967,0.20706194681191759,175762.21410754608,1.3470040172504154e-96,0.0,144,ok,roi__posterior_thalamic_radiation_left__PC1,secondary
0.06458302611435585,0.06378455911018555,175762.21410754608,1.120583727411315e-83,0.0,157,ok,roi__posterior_thalamic_radiation_left__PC2,secondary
0.18238370098489298,0.18168578801660074,175762.21410754608,1.1830560214777058e-64,0.0,153,ok,roi__posterior_thalamic_radiation_right__PC1,secondary
0.058169371135475934,0.05736542946918188,175762.21410754608,2.809418483600776e-45,0.0,70,ok,roi__posterior_thalamic_radiation_right__PC2,secondary
0.14027142212695254,0.13953756233913794,175762.21410754608,5.644257931825042e-48,0.0,92,ok,roi__inferior_longitudinal_fasciculus_left__PC1,secondary
0.07188398442096045,0.07109174947636288,175762.21410754608,1.0915524494600558e-07,0.0,48,ok,roi__inferior_longitudinal_fasciculus_left__PC2,secondary
0.1383628263030292,0.13762733734786758,175762.21410754608,1.660545869133311e-53,0.0,90,ok,roi__inferior_longitudinal_fasciculus_right__PC1,secondary
0.09999522228189706,0.09922698294193888,175762.21410754608,5.996649460940201e-07,0.0,50,ok,roi__inferior_longitudinal_fasciculus_right__PC2,secondary
0.10921499914377752,0.10845462975680886,175762.21410754608,2.2927290059709494e-08,0.0,79,ok,roi__sagittal_stratum_left__PC1,secondary
0.04220922139317684,0.04139165622708907,175762.21410754608,2.3530289221391674e-06,0.0,57,ok,roi__sagittal_stratum_left__PC2,secondary
0.07967326506561645,0.07888767900996851,175762.21410754608,4.6461507981119084e-24,0.0,88,ok,roi__sagittal_stratum_right__PC1,secondary
0.028703346518045736,0.027874252808269606,175762.21410754608,7.629617264140119e-08,0.0,44,ok,roi__sagittal_stratum_right__PC2,secondary
