metric,modality,region,column_name,n,beta_per_A,se,t,p,aa_vs_gg_additive_2beta,aa_vs_gg_beta_genotypic,aa_vs_gg_p_genotypic,wald_p,field_id
FA,dMRI_TBSS,cerebral peduncle (left),dMRI_TBSS_FA_cerebral_peduncle_left,32560,0.0271701054930888,0.0069430976406547,3.91325412651501,9.12489015661967e-05,0.0543402109861776,0.0549145211921136,7.910998152058225e-05,0.0003714920659266,25071.0
FA,dMRI_TBSS,corticospinal tract (left),dMRI_TBSS_FA_corticospinal_tract_left,32565,0.0185846537316339,0.0073065337001584,2.54356641525256,0.0109773812283227,0.0371693074632679,0.0374615907062571,0.0105019052608414,0.0372090517428893,25063.0
FA,dMRI_weighted_mean,uncinate fasciculus (right),dMRI_weighted_mean_FA_uncinate_fasciculus_right,32561,0.0167739847234721,0.0071350490351419,2.35092774287268,0.0187327029067438,0.0335479694469443,0.0318896433537312,0.0256962582142089,0.009339149873307,25514.0
FA,dMRI_weighted_mean,corticospinal tract (left),dMRI_weighted_mean_FA_corticospinal_tract_left,32561,0.0129494845572155,0.0070984223680695,1.8242764216828735,0.0681196131977195,0.025898969114431,0.0252939868273853,0.0753306308289575,0.1465405412196028,25496.0
FA,dMRI_TBSS,posterior limb of internal capsule (left),dMRI_TBSS_FA_posterior_limb_of_internal_capsule_left,32564,0.0126093133732916,0.0071860320365005,1.7546976285722466,0.0793206099961369,0.0252186267465833,0.0249984309507654,0.082525353035936,0.2075259831793767,25075.0
FA,dMRI_TBSS,corticospinal tract (right),dMRI_TBSS_FA_corticospinal_tract_right,32564,0.0121942794472042,0.007148250612239,1.7059110135738065,0.0880343513452051,0.0243885588944084,0.0249819320370485,0.0811134796348031,0.1829902269937955,25062.0
FA,dMRI_weighted_mean,parahippocampal part of cingulum (left),dMRI_weighted_mean_FA_parahippocampal_part_of_cingulum_left,32562,0.0125201504330484,0.0074105274559406,1.6895086763374283,0.0911317309675755,0.0250403008660969,0.025789611470935,0.0823992166638422,0.1672621200425747,25494.0
FA,dMRI_TBSS,splenium of corpus callosum,dMRI_TBSS_FA_splenium_of_corpus_callosum,32542,0.010607957633707,0.0074420505478773,1.4254078987319905,0.154049084987692,0.0212159152674141,0.0211374721187004,0.1563172393304691,0.3606770812149067,25060.0
FA,dMRI_TBSS,cerebral peduncle (right),dMRI_TBSS_FA_cerebral_peduncle_right,32560,0.0099111978831394,0.006983262804905,1.419278947396597,0.1558274474426521,0.0198223957662788,0.0207650594180746,0.1377774977105912,0.1919246967056515,25070.0
FA,dMRI_TBSS,posterior limb of internal capsule (right),dMRI_TBSS_FA_posterior_limb_of_internal_capsule_right,32563,0.0100922834093073,0.0072071116110474,1.400322896878321,0.1614263416412416,0.0201845668186146,0.019690147720752,0.1727075385176249,0.3179437518350647,25074.0
FA,dMRI_weighted_mean,cingulate gyrus part of cingulum (right),dMRI_weighted_mean_FA_cingulate_gyrus_part_of_cingulum_right,32562,0.0100210726163683,0.0074781444983334,1.340048005036754,0.1802392525213972,0.0200421452327367,0.0211095849853187,0.1588657967718295,0.1988448922946672,25493.0
FA,dMRI_TBSS,body of corpus callosum,dMRI_TBSS_FA_body_of_corpus_callosum,32556,0.0073842681366467,0.0066716634936707,1.1068106393033874,0.2683841281240479,0.0147685362732935,0.0160398997420277,0.2301546616225566,0.1516992875653754,25059.0
FA,dMRI_weighted_mean,parahippocampal part of cingulum (right),dMRI_weighted_mean_FA_parahippocampal_part_of_cingulum_right,32561,0.0079278394201355,0.007379181559615,1.0743521291742235,0.2826729895328209,0.0158556788402711,0.0159101314052148,0.28188084859526,0.5604467735642823,25495.0
FA,dMRI_weighted_mean,forceps minor,dMRI_weighted_mean_FA_forceps_minor,32563,0.0072124322249861,0.0069005863874896,1.0451912083967057,0.2959424999885509,0.0144248644499723,0.0155944104309425,0.2593491493292301,0.2106827285494125,25499.0
FA,dMRI_weighted_mean,forceps major,dMRI_weighted_mean_FA_forceps_major,32556,0.0068427865230388,0.0072986079028414,0.9375468053811848,0.3484844358441237,0.0136855730460777,0.013453281716475,0.3575845281078631,0.6217608680483515,25498.0
FA,dMRI_TBSS,posterior thalamic radiation (right),dMRI_TBSS_FA_posterior_thalamic_radiation_right,32561,-0.0057322893334415,0.0063514601380914,-0.9025152026167088,0.3667900420643908,-0.0114645786668831,-0.0108685413685247,0.3930692873093535,0.4878702478194829,25084.0
FA,dMRI_TBSS,posterior thalamic radiation (left),dMRI_TBSS_FA_posterior_thalamic_radiation_left,32561,0.0055417190072299,0.0063038377076805,0.8791024236677097,0.3793523444267944,0.0110834380144598,0.0106433383871879,0.3994073919621176,0.572386009030792,25085.0
FA,dMRI_TBSS,posterior corona radiata (left),dMRI_TBSS_FA_posterior_corona_radiata_left,32561,0.0058397823179637,0.006888049487974,0.8478136413159407,0.3965481055451211,0.0116795646359274,0.0113231817854244,0.4119508492615166,0.6354088930040284,25083.0
FA,dMRI_weighted_mean,corticospinal tract (right),dMRI_weighted_mean_FA_corticospinal_tract_right,32561,0.0057039348188997,0.0068758946020746,0.8295553013827134,0.4067964454129311,0.0114078696377995,0.0109662873078904,0.4260217507582232,0.612805350924774,25497.0
FA,dMRI_weighted_mean,cingulate gyrus part of cingulum (left),dMRI_weighted_mean_FA_cingulate_gyrus_part_of_cingulum_left,32564,0.0057507211723846,0.0073666244278363,0.7806453591762201,0.4350168795051408,0.0115014423447692,0.0128410668163459,0.3842808862611644,0.2297869042427881,25492.0
FA,dMRI_weighted_mean,superior thalamic radiation (right),dMRI_weighted_mean_FA_superior_thalamic_radiation_right,32564,-0.0049087923318823,0.0066439153833638,-0.7388402844765086,0.4600094048678954,-0.0098175846637647,-0.0098219404880336,0.460611323352756,0.7611315248701267,25512.0
FA,dMRI_TBSS,superior corona radiata (right),dMRI_TBSS_FA_superior_corona_radiata_right,32567,0.0041795858950226,0.0070101292866894,0.5962209431655815,0.5510318526689542,0.0083591717900453,0.0089396061180047,0.5244638231991952,0.6576249038350007,25080.0
FA,dMRI_TBSS,genu of corpus callosum,dMRI_TBSS_FA_genu_of_corpus_callosum,32559,0.0036402566165644,0.0064453406630447,0.5647888617333144,0.5722213429198693,0.0072805132331289,0.0081739994855363,0.5267499185367828,0.4334720043892882,25058.0
FA,dMRI_TBSS,posterior corona radiata (right),dMRI_TBSS_FA_posterior_corona_radiata_right,32564,0.0025162947160355,0.0068824147416435,0.3656121885259526,0.714656895037051,0.0050325894320711,0.0057614078305774,0.6760842590645393,0.6307011239695799,25082.0
FA,dMRI_weighted_mean,uncinate fasciculus (left),dMRI_weighted_mean_FA_uncinate_fasciculus_left,32561,0.0021740777968029,0.007164355936199,0.3034575356338824,0.7615431769656853,0.0043481555936058,0.0031440218372946,0.8266226177203286,0.3523447068517601,25513.0
FA,dMRI_TBSS,anterior corona radiata (right),dMRI_TBSS_FA_anterior_corona_radiata_right,32566,0.0017735232305682,0.0063540698958564,0.2791161034795614,0.7801575286151645,0.0035470464611364,0.0050849441998458,0.6895681704038789,0.1219641242296518,25078.0
FA,dMRI_weighted_mean,posterior thalamic radiation (right),dMRI_weighted_mean_FA_posterior_thalamic_radiation_right,32557,0.0016286341792696,0.0068703579343447,0.2370523042370405,0.8126177310467566,0.0032572683585393,0.0028390907378151,0.836596014817736,0.8532302425927111,25508.0
FA,dMRI_TBSS,superior corona radiata (left),dMRI_TBSS_FA_superior_corona_radiata_left,32568,0.0012504602051197,0.006938827419819,0.1802120343198179,0.8569872519061779,0.0025009204102394,0.0038860034420226,0.7798392786109132,0.2419243184456416,25081.0
FA,dMRI_TBSS,anterior corona radiata (left),dMRI_TBSS_FA_anterior_corona_radiata_left,32568,0.0009894281613388,0.0061062852083903,0.162034383847529,0.871279799991319,0.0019788563226776,0.0030128977237337,0.8054734517902598,0.3596073344602884,25079.0
FA,dMRI_weighted_mean,superior longitudinal fasciculus (left),dMRI_weighted_mean_FA_superior_longitudinal_fasciculus_left,32564,0.0010774342362594,0.0068735760101807,0.1567501740962201,0.875442731322816,0.0021548684725188,0.0023371724241818,0.8652406879835111,0.963600089331336,25509.0
FA,dMRI_weighted_mean,superior thalamic radiation (left),dMRI_weighted_mean_FA_superior_thalamic_radiation_left,32565,0.0003493885498078,0.006636287610545,0.0526481928318829,0.9580125464339512,0.0006987770996156,0.0008363832101453,0.9498437241526656,0.9835930197283912,25511.0
FA,dMRI_weighted_mean,posterior thalamic radiation (left),dMRI_weighted_mean_FA_posterior_thalamic_radiation_left,32560,-0.0001214884469329,0.006669122853357,-0.0182165555507426,0.985466208975585,-0.0002429768938658,-0.0002852302212838,0.9829695394591502,0.9984179996782568,25507.0
FA,dMRI_weighted_mean,superior longitudinal fasciculus (right),dMRI_weighted_mean_FA_superior_longitudinal_fasciculus_right,32560,-6.553799307345187e-05,0.006991312252486,-0.0093742048283063,0.9925206346755044,-0.0001310759861469,-6.713743477358095e-05,0.9961758548862653,0.9970172561001126,25510.0
L1,dMRI_weighted_mean,posterior thalamic radiation (left),dMRI_weighted_mean_L1_posterior_thalamic_radiation_left,32555,-0.0134166887893315,0.0060807473658979,-2.206421017353077,0.0273616120121078,-0.0268333775786631,-0.026576268173779,0.0291613435730752,0.0823085625919074,25588.0
L1,dMRI_weighted_mean,superior thalamic radiation (left),dMRI_weighted_mean_L1_superior_thalamic_radiation_left,32561,0.0103969479696746,0.0055021794106978,1.8896054078970943,0.0588197837006315,0.0207938959393492,0.0201926794936458,0.0670018487622387,0.1100888743727013,25592.0
L1,dMRI_weighted_mean,corticospinal tract (left),dMRI_weighted_mean_L1_corticospinal_tract_left,32562,0.0116529937786506,0.0069591042311169,1.674496227049646,0.0940428862865084,0.0233059875573012,0.0217366122914371,0.1189955816444038,0.0408499054388661,25577.0
L1,dMRI_weighted_mean,superior longitudinal fasciculus (right),dMRI_weighted_mean_L1_superior_longitudinal_fasciculus_right,32562,0.0096683740538283,0.0059724656865235,1.6188245460571404,0.1054948732075781,0.0193367481076567,0.0185760544464917,0.1205788663880428,0.1524143384935739,25591.0
L1,dMRI_TBSS,posterior limb of internal capsule (left),dMRI_TBSS_L1_posterior_limb_of_internal_capsule_left,32565,0.0104340497945685,0.0067609542158904,1.5432806466940885,0.1227725837964824,0.020868099589137,0.0206084152116304,0.1281795435121562,0.288568064763535,25219.0
L1,dMRI_weighted_mean,corticospinal tract (right),dMRI_weighted_mean_L1_corticospinal_tract_right,32562,0.0101624849484717,0.0068887880085028,1.475221031033056,0.1401629666506698,0.0203249698969434,0.018912177864778,0.17060384357223,0.0762803341708198,25578.0
L1,dMRI_weighted_mean,forceps major,dMRI_weighted_mean_L1_forceps_major,32562,0.0101580974471573,0.0072020196960674,1.4104512172750634,0.1584162105544687,0.0203161948943146,0.0209041550436379,0.1474322466129009,0.2922972057115008,25579.0
L1,dMRI_weighted_mean,uncinate fasciculus (left),dMRI_weighted_mean_L1_uncinate_fasciculus_left,32558,-0.0076611897065223,0.006581617939119,-1.1640283251609995,0.2444212118854945,-0.0153223794130446,-0.0156008141323163,0.236788816554228,0.4767853206881461,25594.0
L1,dMRI_weighted_mean,superior longitudinal fasciculus (left),dMRI_weighted_mean_L1_superior_longitudinal_fasciculus_left,32557,0.0070066650295081,0.006185525027286,1.132751868046747,0.2573269570029651,0.0140133300590163,0.0130285388906278,0.2931322592845415,0.2160024445267052,25590.0
L1,dMRI_weighted_mean,forceps minor,dMRI_weighted_mean_L1_forceps_minor,32564,-0.0073315524801087,0.0067312383058393,-1.0891833191745144,0.2760812543571617,-0.0146631049602175,-0.0145297920626576,0.2813294141746198,0.5450004420862675,25580.0
L1,dMRI_TBSS,splenium of corpus callosum,dMRI_TBSS_L1_splenium_of_corpus_callosum,32564,-0.0066475431201447,0.0066839881880147,-0.9945474069006648,0.319963956618992,-0.0132950862402894,-0.0131462074433656,0.3262773658923221,0.5992856031349632,25204.0
L1,dMRI_TBSS,genu of corpus callosum,dMRI_TBSS_L1_genu_of_corpus_callosum,32566,-0.0064310250674583,0.0065837108153162,-0.9768085579483984,0.328671321050737,-0.0128620501349166,-0.0131205269123323,0.3199088510701598,0.5878208019004498,25202.0
L1,dMRI_TBSS,posterior corona radiata (left),dMRI_TBSS_L1_posterior_corona_radiata_left,32537,0.0053476099594268,0.0056848457911596,0.9406781038357752,0.3468769488024383,0.0106952199188536,0.0099218241886778,0.3836974854272866,0.334690150009635,25227.0
L1,dMRI_weighted_mean,superior thalamic radiation (right),dMRI_weighted_mean_L1_superior_thalamic_radiation_right,32558,0.0046258533722515,0.0053663954771678,0.8620038146522879,0.3886918783198343,0.009251706744503,0.0087907326646873,0.4135916805736986,0.5316522791220469,25593.0
L1,dMRI_weighted_mean,cingulate gyrus part of cingulum (right),dMRI_weighted_mean_L1_cingulate_gyrus_part_of_cingulum_right,32563,0.0061552399309199,0.0071537686630406,0.8604192029189448,0.3895644496667531,0.0123104798618399,0.0131793176168404,0.3578321005758517,0.4105626787626977,25574.0
L1,dMRI_TBSS,superior corona radiata (right),dMRI_TBSS_L1_superior_corona_radiata_right,32546,0.0045563378784375,0.0058389745001239,0.7803318679231837,0.4352013338617322,0.009112675756875,0.0095884404806803,0.4124372359402649,0.5827536971802566,25224.0
L1,dMRI_TBSS,corticospinal tract (right),dMRI_TBSS_L1_corticospinal_tract_right,32560,0.005303911147188,0.0074853454159506,0.7085726646476241,0.4785948659154725,0.010607822294376,0.010767264941761,0.4727967412116818,0.7656144953959105,25206.0
L1,dMRI_TBSS,posterior limb of internal capsule (right),dMRI_TBSS_L1_posterior_limb_of_internal_capsule_right,32564,0.004393225595105,0.0066649896541422,0.6591496495984285,0.509804418097063,0.00878645119021,0.0086120277296504,0.5189897041635722,0.7855792134601711,25218.0
L1,dMRI_TBSS,anterior corona radiata (right),dMRI_TBSS_L1_anterior_corona_radiata_right,32560,-0.0041707350095924,0.0064784093137712,-0.6437899810879011,0.5197162451815026,-0.0083414700191849,-0.008256378402709,0.5247256410890335,0.8079125623406896,25222.0
L1,dMRI_TBSS,posterior corona radiata (right),dMRI_TBSS_L1_posterior_corona_radiata_right,32540,-0.0033438025304259,0.0054557743269656,-0.6128923833778978,0.5399518580006784,-0.0066876050608518,-0.0069946175780997,0.52224630652368,0.7407846223455165,25226.0
L1,dMRI_TBSS,superior corona radiata (left),dMRI_TBSS_L1_superior_corona_radiata_left,32548,0.0034931986152497,0.0058045319478596,0.6018053904480334,0.5473079515737744,0.0069863972304994,0.0068847839126989,0.553859847549132,0.8254239072490462,25225.0
L1,dMRI_TBSS,cerebral peduncle (left),dMRI_TBSS_L1_cerebral_peduncle_left,32563,0.0041934901101653,0.007194335770889,0.5828877388700299,0.5599729819840378,0.0083869802203306,0.008793667594858,0.5418242560004294,0.7539498960112987,25215.0
L1,dMRI_TBSS,corticospinal tract (left),dMRI_TBSS_L1_corticospinal_tract_left,32563,0.0034729114086042,0.0075320432503059,0.4610848999656447,0.6447408281375688,0.0069458228172084,0.0063199422020196,0.6753710368657552,0.7048804880147626,25207.0
L1,dMRI_weighted_mean,cingulate gyrus part of cingulum (left),dMRI_weighted_mean_L1_cingulate_gyrus_part_of_cingulum_left,32564,0.0032544019276849,0.0071407558216465,0.4557503447771601,0.6485726067414546,0.0065088038553698,0.0079481004029472,0.5785135775966641,0.2151968409876008,25573.0
L1,dMRI_weighted_mean,parahippocampal part of cingulum (left),dMRI_weighted_mean_L1_parahippocampal_part_of_cingulum_left,32528,0.0025609550403567,0.0070884391963469,0.3612861688475084,0.7178879195924328,0.0051219100807134,0.005333176708182,0.707274575755764,0.9077426686936432,25575.0
L1,dMRI_TBSS,cerebral peduncle (right),dMRI_TBSS_L1_cerebral_peduncle_right,32563,0.0018567228383242,0.0069333233687945,0.2677969480957731,0.7888573458053432,0.0037134456766485,0.0032329034538674,0.8159745642375871,0.8145998356479374,25214.0
L1,dMRI_TBSS,posterior thalamic radiation (right),dMRI_TBSS_L1_posterior_thalamic_radiation_right,32563,0.0016900140460234,0.0065303515764129,0.2587937305133171,0.7957960597843566,0.0033800280920468,0.0033343398041539,0.7988484906825133,0.965402721983584,25228.0
L1,dMRI_weighted_mean,parahippocampal part of cingulum (right),dMRI_weighted_mean_L1_parahippocampal_part_of_cingulum_right,32536,-0.0017804475543416,0.0068907182475996,-0.2583834500796499,0.7961126509147283,-0.0035608951086832,-0.0037182542851573,0.7876845963986965,0.9495445682837972,25576.0
L1,dMRI_weighted_mean,posterior thalamic radiation (right),dMRI_weighted_mean_L1_posterior_thalamic_radiation_right,32557,0.0011729552231863,0.0062158033218507,0.1887053309848181,0.8503249698874901,0.0023459104463727,0.0014863375274131,0.9049982775318542,0.5001611257165656,25589.0
L1,dMRI_TBSS,body of corpus callosum,dMRI_TBSS_L1_body_of_corpus_callosum,32563,-0.0012335152637788,0.0066982640612777,-0.1841544693512053,0.8538934434743713,-0.0024670305275576,-0.0025815900088352,0.8474596459998214,0.9730986789476402,25203.0
L1,dMRI_TBSS,anterior corona radiata (left),dMRI_TBSS_L1_anterior_corona_radiata_left,32560,-0.0009095664620063,0.0065255375291836,-0.139385676342923,0.8891462676350754,-0.0018191329240127,-0.0016844785634775,0.8974873720482823,0.9756385299857144,25223.0
L1,dMRI_weighted_mean,uncinate fasciculus (right),dMRI_weighted_mean_L1_uncinate_fasciculus_right,32560,0.0007081088747402,0.0066251901158215,0.1068812913080352,0.9148838255253608,0.0014162177494804,0.0009730744218771,0.9415622874215,0.8490672873155014,25595.0
L1,dMRI_TBSS,posterior thalamic radiation (left),dMRI_TBSS_L1_posterior_thalamic_radiation_left,32563,-0.0003885471807065,0.0062701035755604,-0.0619682236544018,0.950588524167042,-0.0007770943614131,-0.000623373000619,0.9604246331054928,0.977202137132608,25229.0
RD,dMRI_TBSS,cerebral peduncle (left),dMRI_TBSS_RD_cerebral_peduncle_left,32558,-0.0259281529830253,0.0070040141756721,-3.7018989871672,0.000214350781937,-0.0518563059660506,-0.0524098680583183,0.0001882036479377,0.0008480483618908,
RD,dMRI_weighted_mean,uncinate fasciculus (right),dMRI_weighted_mean_RD_uncinate_fasciculus_right,32555,-0.0112085602059649,0.0067729802423098,-1.6548933859199506,0.0979559340386279,-0.0224171204119299,-0.0213582509248048,0.1155069621392126,0.1072941712023135,
RD,dMRI_TBSS,splenium of corpus callosum,dMRI_TBSS_RD_splenium_of_corpus_callosum,32534,-0.0116352122487996,0.0071568483969581,-1.6257452447567444,0.1040137157462084,-0.0232704244975993,-0.0229916002222367,0.1088572841964124,0.2528785897776329,
RD,dMRI_TBSS,corticospinal tract (left),dMRI_TBSS_RD_corticospinal_tract_left,32557,-0.0113601387149395,0.0075382554855915,-1.5069983680777417,0.1318209474495468,-0.0227202774298791,-0.0232461268494581,0.1237823398401922,0.270696286618248,
RD,dMRI_TBSS,cerebral peduncle (right),dMRI_TBSS_RD_cerebral_peduncle_right,32557,-0.0102511339769956,0.0069445181025175,-1.4761476355399432,0.1399141036784568,-0.0205022679539913,-0.0216970854978051,0.1189007994690831,0.1181157685913271,
RD,dMRI_TBSS,posterior limb of internal capsule (right),dMRI_TBSS_RD_posterior_limb_of_internal_capsule_right,32560,-0.0098171246684875,0.0069613260254596,-1.4102377381239362,0.1584792155306444,-0.0196342493369751,-0.0193000741067202,0.1664398046125719,0.3410984567260908,
RD,dMRI_weighted_mean,posterior thalamic radiation (left),dMRI_weighted_mean_RD_posterior_thalamic_radiation_left,32547,-0.0080049361594612,0.0060393735835163,-1.3254580212275004,0.1850287500114075,-0.0160098723189224,-0.0158570289984849,0.1900418275801001,0.4060951210548097,
RD,dMRI_weighted_mean,forceps minor,dMRI_weighted_mean_RD_forceps_minor,32562,-0.0084646888671794,0.006718155807497,-1.2599720979578088,0.2076886155148462,-0.0169293777343589,-0.0177096685922276,0.1882805797998149,0.2811973131734975,
RD,dMRI_weighted_mean,superior thalamic radiation (left),dMRI_weighted_mean_RD_superior_thalamic_radiation_left,32554,0.0076883940669096,0.0062394726965751,1.2322185608937477,0.2178765067604808,0.0153767881338193,0.0148353779284114,0.2353431267354858,0.358592304795448,
RD,dMRI_TBSS,posterior limb of internal capsule (left),dMRI_TBSS_RD_posterior_limb_of_internal_capsule_left,32560,-0.0084617429749779,0.0069542423865889,-1.2167742371615105,0.2236990984353779,-0.0169234859499559,-0.0170143747299633,0.222049211282079,0.4741406030177313,
RD,dMRI_TBSS,body of corpus callosum,dMRI_TBSS_RD_body_of_corpus_callosum,32555,-0.0077753414118736,0.0065450585621524,-1.1879712515997127,0.234853554270799,-0.0155506828237472,-0.0166818699712432,0.2033305753082299,0.1730128025307059,
RD,dMRI_weighted_mean,parahippocampal part of cingulum (left),dMRI_weighted_mean_RD_parahippocampal_part_of_cingulum_left,32521,-0.0081213895925833,0.0074121458311845,-1.0956866982318183,0.2732241617168998,-0.0162427791851666,-0.0166474931870617,0.262293360467026,0.4934363032978807,
RD,dMRI_weighted_mean,cingulate gyrus part of cingulum (right),dMRI_weighted_mean_RD_cingulate_gyrus_part_of_cingulum_right,32560,-0.0075409220428991,0.007057336192377,-1.0685224335840002,0.2852929765458495,-0.0150818440857982,-0.0159957632217134,0.2579484331181552,0.3126358078862533,
RD,dMRI_weighted_mean,superior thalamic radiation (right),dMRI_weighted_mean_RD_superior_thalamic_radiation_right,32550,0.0059998122969347,0.0060519866062825,0.991378978054304,0.3215080594146449,0.0119996245938695,0.0113763751656112,0.3481331198454437,0.4201463910662691,
RD,dMRI_TBSS,posterior thalamic radiation (right),dMRI_TBSS_RD_posterior_thalamic_radiation_right,32546,0.0056124275005361,0.0061791901586554,0.9082788126652136,0.3637377764807084,0.0112248550010723,0.0107069692925323,0.3871351064398192,0.5166390385436264,
RD,dMRI_TBSS,posterior thalamic radiation (left),dMRI_TBSS_RD_posterior_thalamic_radiation_left,32550,-0.0054245934670362,0.0059855235348167,-0.9062855463657196,0.36479155953101,-0.0108491869340725,-0.0103505662351973,0.3880899774112513,0.5192355928269592,
RD,dMRI_weighted_mean,parahippocampal part of cingulum (right),dMRI_weighted_mean_RD_parahippocampal_part_of_cingulum_right,32532,-0.0061562260213614,0.0074506203950213,-0.8262702560279576,0.4086569678564344,-0.0123124520427228,-0.0124088094534689,0.4058344763372137,0.706613860194398,
RD,dMRI_weighted_mean,superior longitudinal fasciculus (right),dMRI_weighted_mean_RD_superior_longitudinal_fasciculus_right,32546,0.0048111597011346,0.0065106528952302,0.7389673168814398,0.4599322659519145,0.0096223194022693,0.0091083404839582,0.4850248773818708,0.6110101511456963,
RD,dMRI_TBSS,genu of corpus callosum,dMRI_TBSS_RD_genu_of_corpus_callosum,32560,-0.0043770374490761,0.0062443518491248,-0.7009594518107796,0.4833334172196759,-0.0087540748981523,-0.009612653078246,0.4422898789663135,0.403432619182082,
RD,dMRI_weighted_mean,corticospinal tract (left),dMRI_weighted_mean_RD_corticospinal_tract_left,32556,-0.004969572767127,0.0071822036239231,-0.6919286931066604,0.4889871311785593,-0.009939145534254,-0.010333352555596,0.4727076226924809,0.7079387627678779,
RD,dMRI_weighted_mean,cingulate gyrus part of cingulum (left),dMRI_weighted_mean_RD_cingulate_gyrus_part_of_cingulum_left,32562,-0.0046467830768199,0.0070023019875087,-0.6636079228101299,0.5069460653508704,-0.0092935661536398,-0.0101255437081274,0.4704616212203266,0.4878220823118251,
RD,dMRI_weighted_mean,uncinate fasciculus (left),dMRI_weighted_mean_RD_uncinate_fasciculus_left,32557,-0.0041682282082043,0.0067226129807448,-0.6200309641716905,0.5352418166359361,-0.0083364564164087,-0.0075354507941246,0.5758491263128281,0.5003922376124729,
RD,dMRI_TBSS,superior corona radiata (left),dMRI_TBSS_RD_superior_corona_radiata_left,32514,0.0030030199074294,0.0061237313876209,0.4903905343562323,0.6238609405765343,0.0060060398148589,0.0047856359911378,0.6964890281107146,0.2174769146569722,
RD,dMRI_TBSS,corticospinal tract (right),dMRI_TBSS_RD_corticospinal_tract_right,32557,-0.0028791390633588,0.0074443774661072,-0.3867535030923684,0.6989412745420522,-0.0057582781267177,-0.0058299356529182,0.6958985398987215,0.9249217129719244,
RD,dMRI_weighted_mean,corticospinal tract (right),dMRI_weighted_mean_RD_corticospinal_tract_right,32557,-0.0024524350685321,0.0069837226890046,-0.3511644401908046,0.7254672980309317,-0.0049048701370642,-0.0056886110413559,0.684336834796446,0.6029531144457246,
RD,dMRI_weighted_mean,superior longitudinal fasciculus (left),dMRI_weighted_mean_RD_superior_longitudinal_fasciculus_left,32541,0.0020694520189992,0.0064295329893466,0.3218666149513821,0.7475558494017066,0.0041389040379985,0.0035699075604385,0.7816858276504067,0.7204483605034834,
RD,dMRI_TBSS,anterior corona radiata (right),dMRI_TBSS_RD_anterior_corona_radiata_right,32547,-0.001789683985391,0.00586205977165,-0.305299511623254,0.7601400343210403,-0.0035793679707821,-0.0049224672473563,0.6751199063115465,0.1492170656302698,
RD,dMRI_TBSS,posterior corona radiata (right),dMRI_TBSS_RD_posterior_corona_radiata_right,32500,-0.0018272991071497,0.0062256274043474,-0.2935124427577713,0.7691323971014223,-0.0036545982142995,-0.0043356232830663,0.7281481318171383,0.6273941361222504,
RD,dMRI_weighted_mean,forceps major,dMRI_weighted_mean_RD_forceps_major,32553,-0.0021201621491846,0.0073577127560557,-0.288155058437107,0.7732299150932801,-0.0042403242983693,-0.0037494580452353,0.7992308966672992,0.8199789021678219,
RD,dMRI_TBSS,superior corona radiata (right),dMRI_TBSS_RD_superior_corona_radiata_right,32524,-0.0016290303087792,0.0060508567211011,-0.2692230842449665,0.7877597548676046,-0.0032580606175584,-0.0037571040621546,0.7566281824075101,0.7570448610601436,
RD,dMRI_TBSS,posterior corona radiata (left),dMRI_TBSS_RD_posterior_corona_radiata_left,32500,-0.0013306736303438,0.0062540550351566,-0.2127697346543338,0.8315079292591037,-0.0026613472606877,-0.0026662608173427,0.8314961499537457,0.977598057482286,
RD,dMRI_weighted_mean,posterior thalamic radiation (right),dMRI_weighted_mean_RD_posterior_thalamic_radiation_right,32541,0.0012334092375578,0.0062230107830367,0.1982013659561748,0.8428887785550676,0.0024668184751157,0.0019199227450042,0.8776222157804405,0.747350415511545,
RD,dMRI_TBSS,anterior corona radiata (left),dMRI_TBSS_RD_anterior_corona_radiata_left,32553,2.689892248492145e-05,0.0057622112127335,0.0046681597553174,0.9962753900360972,5.379784496984291e-05,-0.0008378217508523,0.94214754614837,0.4310292749960442,
